french_name;scientific_name;Species Occurrence in Canada _Occurrence de l'espèce au Canada;pop_change_2016;pop_change_cat;data_source;reg_occ_native_sp;range_expanded_1970;sauvagine;oiseau_proie;milieux_humides;marin;forestiers;tous_autres;rivage;prairie;insectivores;espece_oie;sauvagine_milieux_humides_canards;prairires_indigene_dependante;prairie_tolerante_agricole;rivage_migrant_grande_distance;rivage_migrant_courte_distance;forest_winter_south_america;forest_winter_canada;forest_fruits_arbres
Oie des neiges;Anser caerulescens;Regular Breeder_Espèce qui niche régulièrement;908;Increasing_Augmentation;Lincoln Estimators_Estimateurs de Lincoln;1;;1;;;;;;;;;1;;;;;;;;
Oie de Ross;Anser rossii;Regular Breeder_Espèce qui niche régulièrement;1560;Increasing_Augmentation;Lincoln Estimators_Estimateurs de Lincoln;1;;1;;;;;;;;;1;;;;;;;;
Oie rieuse;Anser albifrons;Regular Breeder_Espèce qui niche régulièrement;514;Increasing_Augmentation;Lincoln Estimators_Estimateurs de Lincoln;1;;1;;;;;;;;;1;;;;;;;;
Bernache cravant;Branta bernicla;Regular Breeder_Espèce qui niche régulièrement;-44,2;Decreasing_Diminution;Lincoln Estimators_Estimateurs de Lincoln;1;;1;;;;;;;;;1;;;;;;;;
Bernache de Hutchins;Branta hutchinsii;Regular Breeder_Espèce qui niche régulièrement;905;Increasing_Augmentation;Lincoln Estimators_Estimateurs de Lincoln;1;;1;;;;;;;;;1;;;;;;;;
Bernache du Canada;Branta canadensis;Regular Breeder_Espèce qui niche régulièrement;82,6;Increasing_Augmentation;Western Waterfowl_Sauvagine de l'Ouest;1;;1;;;;;;;;;1;;;;;;;;
Cygne tuberculé;Cygnus olor;Non-native Regular Breeder_Espèce non-indigène qui niche régulièrement ;;;No acceptable data available_On ne dispose pas de données acceptables;;;;;;;;;;;;;;;;;;;;
Cygne trompette;Cygnus buccinator;Regular Breeder_Espèce qui niche régulièrement;17900;Increasing_Augmentation;TRSW Survey_Relevé du CYTR;1;;1;;;;;;;;;;;;;;;;;
Cygne siffleur;Cygnus columbianus;Regular Breeder_Espèce qui niche régulièrement;17,4;Stable_Stables;Winter Waterfowl_Sauvagine en hiver;1;;1;;;;;;;;;;;;;;;;;
Canard branchu;Aix sponsa;Regular Breeder_Espèce qui niche régulièrement;474;Increasing_Augmentation;Southern ON_Sud de l'Ontario;1;;1;;;;;;;;;;1;;;;;;;
Sarcelle à ailes bleues;Spatula discors;Regular Breeder_Espèce qui niche régulièrement;85,4;Increasing_Augmentation;Western Waterfowl_Sauvagine de l'Ouest;1;;1;;;;;;;;;;1;;;;;;;
Sarcelle cannelle;Spatula cyanoptera;Regular Breeder_Espèce qui niche régulièrement;;;No acceptable data available_On ne dispose pas de données acceptables;1;;1;;;;;;;;;;1;;;;;;;
Canard souchet;Spatula clypeata;Regular Breeder_Espèce qui niche régulièrement;111;Increasing_Augmentation;Western Waterfowl_Sauvagine de l'Ouest;1;;1;;;;;;;;;;1;;;;;;;
Canard chipeau;Mareca strepera;Regular Breeder_Espèce qui niche régulièrement;141;Increasing_Augmentation;Western Waterfowl_Sauvagine de l'Ouest;1;;1;;;;;;;;;;1;;;;;;;
Canard siffleur;Mareca penelope;Regular Non-breeder_Espèce non-reproductrice avec présence régulière;;;No acceptable data available_On ne dispose pas de données acceptables;1;;1;;;;;;;;;;1;;;;;;;
Canard d'Amérique;Mareca americana;Regular Breeder_Espèce qui niche régulièrement;4,34;Stable_Stables;Western Waterfowl_Sauvagine de l'Ouest;1;;1;;;;;;;;;;1;;;;;;;
Canard colvert;Anas platyrhynchos;Regular Breeder_Espèce qui niche régulièrement;31,8;Stable_Stables;Western Waterfowl_Sauvagine de l'Ouest;1;;1;;;;;;;;;;1;;;;;;;
Canard noir;Anas rubripes;Regular Breeder_Espèce qui niche régulièrement;-0,308;Stable_Stables;EWS - Combined_RARS - combiné;1;;1;;;;;;;;;;1;;;;;;;
Canard pilet;Anas acuta;Regular Breeder_Espèce qui niche régulièrement;-45,7;Decreasing_Diminution;Western Waterfowl_Sauvagine de l'Ouest;1;;1;;;;;;;;;;1;;;;;;;
Sarcelle d'hiver;Anas crecca;Regular Breeder_Espèce qui niche régulièrement;125;Increasing_Augmentation;Western Waterfowl_Sauvagine de l'Ouest;1;;1;;;;;;;;;;1;;;;;;;
Fuligule à dos blanc;Aythya valisineria;Regular Breeder_Espèce qui niche régulièrement;38,9;Increasing_Augmentation;Western Waterfowl_Sauvagine de l'Ouest;1;;1;;;;;;;;;;1;;;;;;;
Fuligule à tête rouge;Aythya americana;Regular Breeder_Espèce qui niche régulièrement;105;Increasing_Augmentation;Western Waterfowl_Sauvagine de l'Ouest;1;;1;;;;;;;;;;1;;;;;;;
Fuligule à collier;Aythya collaris;Regular Breeder_Espèce qui niche régulièrement;214;Increasing_Augmentation;Western Waterfowl_Sauvagine de l'Ouest;1;;1;;;;;;;;;;1;;;;;;;
Fuligule milouinan;Aythya marila;Regular Breeder_Espèce qui niche régulièrement;;;No acceptable data available_On ne dispose pas de données acceptables;1;;1;;;;;;;;;;1;;;;;;;
Petit Fuligule;Aythya affinis;Regular Breeder_Espèce qui niche régulièrement;-14,8;Stable_Stables;Western Waterfowl_Sauvagine de l'Ouest;1;;1;;;;;;;;;;1;;;;;;;
Eider à tête grise;Somateria spectabilis;Regular Breeder_Espèce qui niche régulièrement;;;No acceptable data available_On ne dispose pas de données acceptables;1;;1;;;;;;;;;;1;;;;;;;
Eider à duvet;Somateria mollissima;Regular Breeder_Espèce qui niche régulièrement;;;No acceptable data available_On ne dispose pas de données acceptables;1;;1;;;;;;;;;;1;;;;;;;
Arlequin plongeur;Histrionicus histrionicus;Regular Breeder_Espèce qui niche régulièrement;;;No acceptable data available_On ne dispose pas de données acceptables;1;;1;;;;;;;;;;1;;;;;;;
Macreuse à front blanc;Melanitta perspicillata;Regular Breeder_Espèce qui niche régulièrement;;;No acceptable data available_On ne dispose pas de données acceptables;1;;1;;;;;;;;;;1;;;;;;;
Eider du Labrador;Camptorhynchus labradorius;Extinct or Extirpated_Disparue ou disparue du pays;;;No acceptable data available_On ne dispose pas de données acceptables;;;;;;;;;;;;;;;;;;;;
Macreuse brune;Melanitta fusca;Regular Breeder_Espèce qui niche régulièrement;;;No acceptable data available_On ne dispose pas de données acceptables;1;;1;;;;;;;;;;1;;;;;;;
Macreuse à bec jaune;Melanitta americana;Regular Breeder_Espèce qui niche régulièrement;;;No acceptable data available_On ne dispose pas de données acceptables;1;;1;;;;;;;;;;1;;;;;;;
Harelde kakawi;Clangula hyemalis;Regular Breeder_Espèce qui niche régulièrement;;;No acceptable data available_On ne dispose pas de données acceptables;1;;1;;;;;;;;;;1;;;;;;;
Petit Garrot;Bucephala albeola;Regular Breeder_Espèce qui niche régulièrement;133;Increasing_Augmentation;Western Waterfowl_Sauvagine de l'Ouest;1;;1;;;;;;;;;;1;;;;;;;
Garrot à oeil d'or;Bucephala clangula;Regular Breeder_Espèce qui niche régulièrement;47,2;Increasing_Augmentation;Western Waterfowl_Sauvagine de l'Ouest;1;;1;;;;;;;;;;1;;;;;;;
Garrot d'Islande;Bucephala islandica;Regular Breeder_Espèce qui niche régulièrement;;;No acceptable data available_On ne dispose pas de données acceptables;1;;1;;;;;;;;;;1;;;;;;;
Harle couronné;Lophodytes cucullatus;Regular Breeder_Espèce qui niche régulièrement;94,2;Increasing_Augmentation;EWS - Helicopter_RARS - hélicoptère;1;;1;;;;;;;;;;1;;;;;;;
Grand Harle;Mergus merganser;Regular Breeder_Espèce qui niche régulièrement;38;Increasing_Augmentation;EWS - Helicopter_RARS - hélicoptère;1;;1;;;;;;;;;;1;;;;;;;
Harle huppé;Mergus serrator;Regular Breeder_Espèce qui niche régulièrement;;;No acceptable data available_On ne dispose pas de données acceptables;1;;1;;;;;;;;;;1;;;;;;;
Érismature rousse;Oxyura jamaicensis;Regular Breeder_Espèce qui niche régulièrement;155;Increasing_Augmentation;Western Waterfowl_Sauvagine de l'Ouest;1;;1;;;;;;;;;;1;;;;;;;
Colin des montagnes;Oreortyx pictus;Extinct or Extirpated_Disparue ou disparue du pays;;;No acceptable data available_On ne dispose pas de données acceptables;;;;;;;;;;;;;;;;;;;;
Colin de Virginie;Colinus virginianus;Regular Breeder_Espèce qui niche régulièrement;;;No acceptable data available_On ne dispose pas de données acceptables;1;;;;;;;;;1;;;;;1;;;;;
Colin de Californie;Callipepla californica;Non-native Regular Breeder_Espèce non-indigène qui niche régulièrement ;396;Increasing_Augmentation;BBS;;;;;;;;;;;;;;;;;;;;
Perdrix choukar;Alectoris chukar;Non-native Regular Breeder_Espèce non-indigène qui niche régulièrement ;-10,3;Stable_Stables;CBC NA_RON AmN;;;;;;;;;;;;;;;;;;;;
Perdrix grise;Perdix perdix;Non-native Regular Breeder_Espèce non-indigène qui niche régulièrement ;13,2;Stable_Stables;BBS;;;;;;;;;;;;;;;;;;;;
Faisan de Colchide;Phasianus colchicus;Non-native Regular Breeder_Espèce non-indigène qui niche régulièrement ;-19,2;Stable_Stables;BBS;;;;;;;;;;;;;;;;;;;;
Gélinotte huppée;Bonasa umbellus;Regular Breeder_Espèce qui niche régulièrement;-2,22;Stable_Stables;CBC CA_RON CA;1;;;;;;1;;;;;;;;;;;;1;
Tétras des armoises;Centrocercus urophasianus;Regular Breeder_Espèce qui niche régulièrement;;;No acceptable data available_On ne dispose pas de données acceptables;1;;;;;;;;;1;;;;1;;;;;;
Tétras du Canada;Falcipennis canadensis;Regular Breeder_Espèce qui niche régulièrement;33,2;Increasing_Augmentation;CBC CA_RON CA;1;;;;;;1;;;;;;;;;;;;1;
Lagopède des saules;Lagopus lagopus;Regular Breeder_Espèce qui niche régulièrement;-88,9;Decreasing_Diminution;CBC CA_RON CA;1;;;;;;;1;;;;;;;;;;;;
Lagopède alpin;Lagopus muta;Regular Breeder_Espèce qui niche régulièrement;;;No acceptable data available_On ne dispose pas de données acceptables;1;;;;;;;1;;;;;;;;;;;;
Lagopède à queue blanche;Lagopus leucura;Regular Breeder_Espèce qui niche régulièrement;-33,9;Decreasing_Diminution;CBC NA_RON AmN;1;;;;;;;1;;;;;;;;;;;;
Tétras sombre;Dendragapus obscurus;Regular Breeder_Espèce qui niche régulièrement;5,23;Stable_Stables;BBS;1;;;;;;1;;;;;;;;;;;;1;
Tétras fuligineux;Dendragapus fuliginosus;Regular Breeder_Espèce qui niche régulièrement;-64,5;Decreasing_Diminution;BBS;1;;;;;;1;;;;;;;;;;;;1;
Tétras à queue fine;Tympanuchus phasianellus;Regular Breeder_Espèce qui niche régulièrement;12,6;Stable_Stables;BBS;1;;;;;;;;;1;;;;;1;;;;;
Tétras des prairies;Tympanuchus cupido;Extinct or Extirpated_Disparue ou disparue du pays;;;No acceptable data available_On ne dispose pas de données acceptables;;;;;;;;;;;;;;;;;;;;
Dindon sauvage;Meleagris gallopavo;Regular Breeder_Espèce qui niche régulièrement;6890;Increasing_Augmentation;BBS;;1;;;;;;;;;;;;;;;;;;
Grèbe à bec bigarré;Podilymbus podiceps;Regular Breeder_Espèce qui niche régulièrement;74,7;Increasing_Augmentation;BBS;1;;;;1;;;;;;;;;;;;;;;
Grèbe esclavon;Podiceps auritus;Regular Breeder_Espèce qui niche régulièrement;17,2;Stable_Stables;CBC NA_RON AmN;1;;;;1;;;;;;;;;;;;;;;
Grèbe jougris;Podiceps grisegena;Regular Breeder_Espèce qui niche régulièrement;55,8;Increasing_Augmentation;CBC NA_RON AmN;1;;;;1;;;;;;;;;;;;;;;
Grèbe à cou noir;Podiceps nigricollis;Regular Breeder_Espèce qui niche régulièrement;16,4;Stable_Stables;CBC NA_RON AmN;1;;;;1;;;;;;;;;;;;;;;
Grèbe élégant;Aechmophorus occidentalis;Regular Breeder_Espèce qui niche régulièrement;38,2;Increasing_Augmentation;CBC NA_RON AmN;1;;;;1;;;;;;;;;;;;;;;
Grèbe à face blanche;Aechmophorus clarkii;Regular Breeder_Espèce qui niche régulièrement;;;No acceptable data available_On ne dispose pas de données acceptables;1;;;;1;;;;;;;;;;;;;;;
Pigeon biset;Columba livia;Non-native Regular Breeder_Espèce non-indigène qui niche régulièrement ;39,3;Increasing_Augmentation;BBS;;;;;;;;;;;;;;;;;;;;
Pigeon à queue barrée;Patagioenas fasciata;Regular Breeder_Espèce qui niche régulièrement;-83,8;Decreasing_Diminution;BBS;1;;;;;;1;;;;;;;;;;;;;1
Tourterelle turque;Streptopelia decaocto;Non-native Regular Breeder_Espèce non-indigène qui niche régulièrement ;;;No acceptable data available_On ne dispose pas de données acceptables;;;;;;;;;;;;;;;;;;;;
Tourte voyageuse;Ectopistes migratorius;Extinct or Extirpated_Disparue ou disparue du pays;;;No acceptable data available_On ne dispose pas de données acceptables;;;;;;;;;;;;;;;;;;;;
Tourterelle triste;Zenaida macroura;Regular Breeder_Espèce qui niche régulièrement;73,2;Increasing_Augmentation;BBS;1;;;;;;;1;;;;;;;;;;;;
Coulicou à bec jaune;Coccyzus americanus;Regular Breeder_Espèce qui niche régulièrement;-19,2;Stable_Stables;BBS;1;;;;;;1;;;;;;;;;;;1;;
Coulicou à bec noir;Coccyzus erythropthalmus;Regular Breeder_Espèce qui niche régulièrement;-27,6;Decreasing_Diminution;BBS;1;;;;;;1;;;;;;;;;;;1;;
Engoulevent d'Amérique;Chordeiles minor;Regular Breeder_Espèce qui niche régulièrement;-64,3;Decreasing_Diminution;BBS;1;;;;;;;;;;1;;;;;;;;;
Engoulevent de Nuttall;Phalaenoptilus nuttallii;Regular Breeder_Espèce qui niche régulièrement;28,6;Stable_Stables;BBS NA_BBS AmN;1;;;;;;;;;;1;;;;;;;;;
Engoulevent de Caroline;Antrostomus carolinensis;Regular and Occasional Breeder_Présence régulière et nicheur occasionnelle;;;No acceptable data available_On ne dispose pas de données acceptables;1;;;;;;;;;;1;;;;;;;;;
Engoulevent bois-pourri;Antrostomus vociferus;Regular Breeder_Espèce qui niche régulièrement;-41,2;Decreasing_Diminution;BBS;1;;;;;;1;;;;1;;;;;;;;;
Martinet sombre;Cypseloides niger;Regular Breeder_Espèce qui niche régulièrement;-86,4;Decreasing_Diminution;BBS;1;;;;;;;;;;1;;;;;;;;;
Martinet ramoneur;Chaetura pelagica;Regular Breeder_Espèce qui niche régulièrement;-86,6;Decreasing_Diminution;BBS;1;;;;;;;;;;1;;;;;;;;;
Martinet de Vaux;Chaetura vauxi;Regular Breeder_Espèce qui niche régulièrement;-35,4;Decreasing_Diminution;BBS;1;;;;;;1;;;;1;;;;;;;;;
Martinet à gorge blanche;Aeronautes saxatalis;Regular Breeder_Espèce qui niche régulièrement;;;No acceptable data available_On ne dispose pas de données acceptables;1;;;;;;;;;;1;;;;;;;;;
Colibri à gorge rubis;Archilochus colubris;Regular Breeder_Espèce qui niche régulièrement;62,6;Increasing_Augmentation;BBS;1;;;;;;1;;;;;;;;;;;;;
Colibri à gorge noire;Archilochus alexandri;Regular Breeder_Espèce qui niche régulièrement;130;Increasing_Augmentation;BBS;1;;;;;;;1;;;;;;;;;;;;
Colibri d'Anna;Calypte anna;Regular Breeder_Espèce qui niche régulièrement;160000;Increasing_Augmentation;CBC CA_RON CA;;1;;;;;;;;;;;;;;;;;;
Colibri roux;Selasphorus rufus;Regular Breeder_Espèce qui niche régulièrement;-54;Decreasing_Diminution;BBS;1;;;;;;1;;;;;;;;;;;;;
Colibri calliope;Selasphorus calliope;Regular Breeder_Espèce qui niche régulièrement;92,7;Increasing_Augmentation;BBS;1;;;;;;1;;;;;;;;;;;;;
Râle jaune;Coturnicops noveboracensis;Regular Breeder_Espèce qui niche régulièrement;;;No acceptable data available_On ne dispose pas de données acceptables;1;;;;1;;;;;;;;;;;;;;;
Râle élégant;Rallus elegans;Regular Breeder_Espèce qui niche régulièrement;;;No acceptable data available_On ne dispose pas de données acceptables;1;;;;1;;;;;;;;;;;;;;;
Râle de Virginie;Rallus limicola;Regular Breeder_Espèce qui niche régulièrement;39,5;Increasing_Augmentation;BBS;1;;;;1;;;;;;;;;;;;;;;
Marouette de Caroline;Porzana carolina;Regular Breeder_Espèce qui niche régulièrement;30,8;Stable_Stables;BBS;1;;;;1;;;;;;;;;;;;;;;
Gallinule d'Amérique;Gallinula galeata;Regular Breeder_Espèce qui niche régulièrement;-71,3;Decreasing_Diminution;MMP - GL_PSM - GL;1;;;;1;;;;;;;;;;;;;;;
Foulque d'Amérique;Fulica americana;Regular Breeder_Espèce qui niche régulièrement;278;Increasing_Augmentation;Western Waterfowl_Sauvagine de l'Ouest;1;;;;1;;;;;;;;;;;;;;;
Grue du Canada;Antigone canadensis;Regular Breeder_Espèce qui niche régulièrement;123;Increasing_Augmentation;CBC NA_RON AmN;1;;;;1;;;;;;;;;;;;;;;
Grue blanche;Grus americana;Regular Breeder_Espèce qui niche régulièrement;560;Increasing_Augmentation;WHCR Survey_Relevé GRBL;1;;;;1;;;;;;;;;;;;;;;
Échasse d'Amérique;Himantopus mexicanus;Regular Breeder_Espèce qui niche régulièrement;;;No acceptable data available_On ne dispose pas de données acceptables;;1;;;;;;;;;;;;;;;;;;
Avocette d'Amérique;Recurvirostra americana;Regular Breeder_Espèce qui niche régulièrement;119;Increasing_Augmentation;BBS;1;;;;;;;;1;;;;;;;;1;;;
Huîtrier d'Amérique;Haematopus palliatus;Regular and Occasional Breeder_Présence régulière et nicheur occasionnelle;;;No acceptable data available_On ne dispose pas de données acceptables;1;;;;;;;;1;;;;;;;;1;;;
Huîtrier de Bachman;Haematopus bachmani;Regular Breeder_Espèce qui niche régulièrement;490;Increasing_Augmentation;CBC NA_RON AmN;1;;;;;;;;1;;;;;;;;1;;;
Pluvier argenté;Pluvialis squatarola;Regular Breeder_Espèce qui niche régulièrement;-47,4;Decreasing_Diminution;Shorebird Surveys_Inventaires Oiseaux de rivage;1;;;;;;;;1;;;;;;;1;;;;
Pluvier bronzé;Pluvialis dominica;Regular Breeder_Espèce qui niche régulièrement;-52,5;Decreasing_Diminution;Shorebird Surveys_Inventaires Oiseaux de rivage;1;;;;;;;;1;;;;;;;1;;;;
Pluvier fauve;Pluvialis fulva;Regular Non-breeder_Espèce non-reproductrice avec présence régulière;;;No acceptable data available_On ne dispose pas de données acceptables;1;;;;;;;;1;;;;;;;;1;;;
Pluvier neigeux;Charadrius nivosus;Regular and Occasional Breeder_Présence régulière et nicheur occasionnelle;;;No acceptable data available_On ne dispose pas de données acceptables;1;;;;;;;;1;;;;;;;;1;;;
Pluvier grand-gravelot;Charadrius hiaticula;Regular Breeder_Espèce qui niche régulièrement;;;No acceptable data available_On ne dispose pas de données acceptables;1;;;;;;;;1;;;;;;;;1;;;
Pluvier semipalmé;Charadrius semipalmatus;Regular Breeder_Espèce qui niche régulièrement;-13;Stable_Stables;Shorebird Surveys_Inventaires Oiseaux de rivage;1;;;;;;;;1;;;;;;;1;;;;
Pluvier siffleur;Charadrius melodus;Regular Breeder_Espèce qui niche régulièrement;-31,7;Decreasing_Diminution;PIPL Survey_Relevé du PLSI;1;;;;;;;;1;;;;;;;;1;;;
Pluvier kildir;Charadrius vociferus;Regular Breeder_Espèce qui niche régulièrement;-71;Decreasing_Diminution;BBS;1;;;;;;;;1;;;;;;;;1;;;
Pluvier montagnard;Charadrius montanus;Regular and Occasional Breeder_Présence régulière et nicheur occasionnelle;;;No acceptable data available_On ne dispose pas de données acceptables;1;;;;;;;;1;1;;;;;;;1;;;
Maubèche des champs;Bartramia longicauda;Regular Breeder_Espèce qui niche régulièrement;35;Increasing_Augmentation;BBS;1;;;;;;;;1;1;;;;;1;;1;;;
Courlis corlieu;Numenius phaeopus;Regular Breeder_Espèce qui niche régulièrement;-58,7;Decreasing_Diminution;Shorebird Surveys_Inventaires Oiseaux de rivage;1;;;;;;;;1;;;;;;;1;;;;
Courlis esquimau;Numenius borealis;Regular and Occasional Breeder_Présence régulière et nicheur occasionnelle;;;No acceptable data available_On ne dispose pas de données acceptables;1;;;;;;;;1;1;;;;;;1;;;;
Courlis à long bec;Numenius americanus;Regular Breeder_Espèce qui niche régulièrement;-25,5;Decreasing_Diminution;BBS;1;;;;;;;;1;1;;;;;1;;1;;;
Barge hudsonienne;Limosa haemastica;Regular Breeder_Espèce qui niche régulièrement;-72,5;Decreasing_Diminution;Shorebird Surveys_Inventaires Oiseaux de rivage;1;;;;;;;;1;;;;;;;1;;;;
Barge marbrée;Limosa fedoa;Regular Breeder_Espèce qui niche régulièrement;-51,3;Decreasing_Diminution;BBS;1;;;;;;;;1;;;;;;;;1;;;
Tournepierre à collier;Arenaria interpres;Regular Breeder_Espèce qui niche régulièrement;-85,4;Decreasing_Diminution;Shorebird Surveys_Inventaires Oiseaux de rivage;1;;;;;;;;1;;;;;;;1;;;;
Tournepierre noir;Arenaria melanocephala;Regular Non-breeder_Espèce non-reproductrice avec présence régulière;-41,8;Decreasing_Diminution;CBC NA_RON AmN;1;;;;;;;;1;;;;;;;;1;;;
Bécasseau maubèche;Calidris canutus;Regular Breeder_Espèce qui niche régulièrement;-89,7;Decreasing_Diminution;Shorebird Surveys_Inventaires Oiseaux de rivage;1;;;;;;;;1;;;;;;;1;;;;
Bécasseau du ressac;Calidris virgata;Regular Breeder_Espèce qui niche régulièrement;-12,7;Stable_Stables;CBC NA_RON AmN;1;;;;;;;;1;;;;;;;;1;;;
Combattant varié;Calidris pugnax;Regular Non-breeder_Espèce non-reproductrice avec présence régulière;;;No acceptable data available_On ne dispose pas de données acceptables;1;;;;;;;;1;;;;;;;;1;;;
Bécasseau à queue pointue;Calidris acuminata;Regular Non-breeder_Espèce non-reproductrice avec présence régulière;;;No acceptable data available_On ne dispose pas de données acceptables;1;;;;;;;;1;;;;;;;;1;;;
Bécasseau à échasses;Calidris himantopus;Regular Breeder_Espèce qui niche régulièrement;-45,6;Decreasing_Diminution;Shorebird Surveys_Inventaires Oiseaux de rivage;1;;;;;;;;1;;;;;;;1;;;;
Bécasseau sanderling;Calidris alba;Regular Breeder_Espèce qui niche régulièrement;-75,9;Decreasing_Diminution;Shorebird Surveys_Inventaires Oiseaux de rivage;1;;;;;;;;1;;;;;;;1;;;;
Bécasseau variable;Calidris alpina;Regular Breeder_Espèce qui niche régulièrement;-35,2;Decreasing_Diminution;CBC NA_RON AmN;1;;;;;;;;1;;;;;;;;1;;;
Bécasseau des Aléoutiennes;Calidris ptilocnemis;Regular Non-breeder_Espèce non-reproductrice avec présence régulière;237;Increasing_Augmentation;CBC NA_RON AmN;1;;;;;;;;1;;;;;;;;1;;;
Bécasseau violet;Calidris maritima;Regular Breeder_Espèce qui niche régulièrement;-43,1;Decreasing_Diminution;CBC NA_RON AmN;1;;;;;;;;1;;;;;;;;1;;;
Bécasseau de Baird;Calidris bairdii;Regular Breeder_Espèce qui niche régulièrement;55;Increasing_Augmentation;Shorebird Surveys_Inventaires Oiseaux de rivage;1;;;;;;;;1;;;;;;;1;;;;
Bécasseau minuscule;Calidris minutilla;Regular Breeder_Espèce qui niche régulièrement;-12,5;Stable_Stables;Shorebird Surveys_Inventaires Oiseaux de rivage;1;;;;;;;;1;;;;;;;1;;;;
Bécasseau à croupion blanc;Calidris fuscicollis;Regular Breeder_Espèce qui niche régulièrement;48,1;Increasing_Augmentation;Shorebird Surveys_Inventaires Oiseaux de rivage;1;;;;;;;;1;;;;;;;1;;;;
Bécasseau roussâtre;Calidris subruficollis;Regular Breeder_Espèce qui niche régulièrement;;;No acceptable data available_On ne dispose pas de données acceptables;1;;;;;;;;1;;;;;;;;1;;;
Bécasseau à poitrine cendrée;Calidris melanotos;Regular Breeder_Espèce qui niche régulièrement;-52,9;Decreasing_Diminution;Shorebird Surveys_Inventaires Oiseaux de rivage;1;;;;;;;;1;;;;;;;1;;;;
Bécasseau semipalmé;Calidris pusilla;Regular Breeder_Espèce qui niche régulièrement;-70,1;Decreasing_Diminution;Shorebird Surveys_Inventaires Oiseaux de rivage;1;;;;;;;;1;;;;;;;1;;;;
Bécasseau d'Alaska;Calidris mauri;Regular Non-breeder_Espèce non-reproductrice avec présence régulière;-53,7;Decreasing_Diminution;CBC NA_RON AmN;1;;;;;;;;1;;;;;;;1;;;;
Bécassin roux;Limnodromus griseus;Regular Breeder_Espèce qui niche régulièrement;-64,9;Decreasing_Diminution;Shorebird Surveys_Inventaires Oiseaux de rivage;1;;;;;;;;1;;;;;;;1;;;;
Bécassin à long bec;Limnodromus scolopaceus;Regular Breeder_Espèce qui niche régulièrement;-81,6;Decreasing_Diminution;Shorebird Surveys_Inventaires Oiseaux de rivage;1;;;;;;;;1;;;;;;;1;;;;
Bécasse d'Amérique;Scolopax minor;Regular Breeder_Espèce qui niche régulièrement;-33,6;Decreasing_Diminution;AMWO SGS_Inv BEAM;1;;;;;;;;1;;;;;;;;1;;;
Bécassine de Wilson;Gallinago delicata;Regular Breeder_Espèce qui niche régulièrement;23,8;Stable_Stables;BBS;1;;;;;;;;1;;;;;;;;1;;;
Chevalier grivelé;Actitis macularius;Regular Breeder_Espèce qui niche régulièrement;-57,4;Decreasing_Diminution;BBS;1;;;;;;;;1;;;;;;;;1;;;
Chevalier solitaire;Tringa solitaria;Regular Breeder_Espèce qui niche régulièrement;-4,99;Stable_Stables;Shorebird Surveys_Inventaires Oiseaux de rivage;1;;;;;;1;;1;;;;;;;1;;;;
Chevalier errant;Tringa incana;Regular Breeder_Espèce qui niche régulièrement;-89;Decreasing_Diminution;CBC NA_RON AmN;1;;;;;;;;1;;;;;;;;1;;;
Petit Chevalier;Tringa flavipes;Regular Breeder_Espèce qui niche régulièrement;-67,3;Decreasing_Diminution;Shorebird Surveys_Inventaires Oiseaux de rivage;1;;;;;;1;;1;;;;;;;1;;;;
Chevalier semipalmé;Tringa semipalmata;Regular Breeder_Espèce qui niche régulièrement;-33,2;Decreasing_Diminution;BBS;1;;;;;;;;1;1;;;;;1;;1;;;
Grand Chevalier;Tringa melanoleuca;Regular Breeder_Espèce qui niche régulièrement;23,5;Stable_Stables;Shorebird Surveys_Inventaires Oiseaux de rivage;1;;;;;;1;;1;;;;;;;1;;;;
Phalarope de Wilson;Phalaropus tricolor;Regular Breeder_Espèce qui niche régulièrement;63;Increasing_Augmentation;BBS;1;;;;;;;;1;;;;;;;;1;;;
Phalarope à bec étroit;Phalaropus lobatus;Regular Breeder_Espèce qui niche régulièrement;;;No acceptable data available_On ne dispose pas de données acceptables;1;;;;;;;;1;;;;;;;;1;;;
Phalarope à bec large;Phalaropus fulicarius;Regular Breeder_Espèce qui niche régulièrement;;;No acceptable data available_On ne dispose pas de données acceptables;1;;;;;;;;1;;;;;;;;1;;;
Grand Labbe;Stercorarius skua;Regular Non-breeder_Espèce non-reproductrice avec présence régulière;;;No acceptable data available_On ne dispose pas de données acceptables;1;;;;;1;;;;;;;;;;;;;;
Labbe de McCormick;Stercorarius maccormicki;Regular Non-breeder_Espèce non-reproductrice avec présence régulière;;;No acceptable data available_On ne dispose pas de données acceptables;1;;;;;1;;;;;;;;;;;;;;
Labbe pomarin;Stercorarius pomarinus;Regular Breeder_Espèce qui niche régulièrement;;;No acceptable data available_On ne dispose pas de données acceptables;1;;;;1;1;;;;;;;;;;;;;;
Labbe parasite;Stercorarius parasiticus;Regular Breeder_Espèce qui niche régulièrement;;;No acceptable data available_On ne dispose pas de données acceptables;1;;;;1;1;;;;;;;;;;;;;;
Labbe à longue queue;Stercorarius longicaudus;Regular Breeder_Espèce qui niche régulièrement;;;No acceptable data available_On ne dispose pas de données acceptables;1;;;;1;1;;;;;;;;;;;;;;
Mergule nain;Alle alle;Regular Breeder_Espèce qui niche régulièrement;;;No acceptable data available_On ne dispose pas de données acceptables;1;;;;;1;;;;;;;;;;;;;;
Guillemot marmette;Uria aalge;Regular Breeder_Espèce qui niche régulièrement;5,08;Stable_Stables;Seabird Colonies - Atlantic_Colonies oiseaux de mer - Atlantique;1;;;;;1;;;;;;;;;;;;;;
Guillemot de Brünnich;Uria lomvia;Regular Breeder_Espèce qui niche régulièrement;0,305;Stable_Stables;Seabird Colonies - Atlantic_Colonies oiseaux de mer - Atlantique;1;;;;;1;;;;;;;;;;;;;;
Petit Pingouin;Alca torda;Regular Breeder_Espèce qui niche régulièrement;1120;Increasing_Augmentation;Seabird Colonies - Atlantic_Colonies oiseaux de mer - Atlantique;1;;;;;1;;;;;;;;;;;;;;
Guillemot à miroir;Cepphus grylle;Regular Breeder_Espèce qui niche régulièrement;161;Increasing_Augmentation;Seabird Colonies - Atlantic_Colonies oiseaux de mer - Atlantique;1;;;;;1;;;;;;;;;;;;;;
Grand Pingouin;Pinguinus impennis;Extinct or Extirpated_Disparue ou disparue du pays;;;No acceptable data available_On ne dispose pas de données acceptables;;;;;;;;;;;;;;;;;;;;
Guillemot colombin;Cepphus columba;Regular Breeder_Espèce qui niche régulièrement;-7,54;Stable_Stables;CBC NA_RON AmN;1;;;;;1;;;;;;;;;;;;;;
Guillemot marbré;Brachyramphus marmoratus;Regular Breeder_Espèce qui niche régulièrement;;;No acceptable data available_On ne dispose pas de données acceptables;1;;;;;;1;;;;;;;;;;;;1;
Guillemot de Scripps;Synthliboramphus scrippsi;Regular Non-breeder_Espèce non-reproductrice avec présence régulière;;;No acceptable data available_On ne dispose pas de données acceptables;1;;;;;1;;;;;;;;;;;;;;
Guillemot à cou blanc;Synthliboramphus antiquus;Regular Breeder_Espèce qui niche régulièrement;50,4;Increasing_Augmentation;Seabird Colonies - West_Colonies oiseaux de mer - Ouest;1;;;;;1;;;;;;;;;;;;;;
Starique de Cassin;Ptychoramphus aleuticus;Regular Breeder_Espèce qui niche régulièrement;19,9;Stable_Stables;Seabird Colonies - West_Colonies oiseaux de mer - Ouest;1;;;;;1;;;;;;;;;;;;;;
Starique perroquet;Aethia psittacula;Regular Non-breeder_Espèce non-reproductrice avec présence régulière;;;No acceptable data available_On ne dispose pas de données acceptables;1;;;;;1;;;;;;;;;;;;;;
Macareux rhinocéros;Cerorhinca monocerata;Regular Breeder_Espèce qui niche régulièrement;-5,41;Stable_Stables;Seabird Colonies - West_Colonies oiseaux de mer - Ouest;1;;;;;1;;;;;;;;;;;;;;
Macareux moine;Fratercula arctica;Regular Breeder_Espèce qui niche régulièrement;153;Increasing_Augmentation;Seabird Colonies - Atlantic_Colonies oiseaux de mer - Atlantique;1;;;;;1;;;;;;;;;;;;;;
Macareux cornu;Fratercula corniculata;Regular Breeder_Espèce qui niche régulièrement;;;No acceptable data available_On ne dispose pas de données acceptables;1;;;;;1;;;;;;;;;;;;;;
Macareux huppé;Fratercula cirrhata;Regular Breeder_Espèce qui niche régulièrement;-6,3;Stable_Stables;Seabird Colonies - West_Colonies oiseaux de mer - Ouest;1;;;;;1;;;;;;;;;;;;;;
Mouette tridactyle;Rissa tridactyla;Regular Breeder_Espèce qui niche régulièrement;-53,1;Decreasing_Diminution;Seabird Colonies - Atlantic_Colonies oiseaux de mer - Atlantique;1;;;;;1;;;;;;;;;;;;;;
Mouette blanche;Pagophila eburnea;Regular Breeder_Espèce qui niche régulièrement;;;No acceptable data available_On ne dispose pas de données acceptables;1;;;;;1;;;;;;;;;;;;;;
Mouette de Sabine;Xema sabini;Regular Breeder_Espèce qui niche régulièrement;;;No acceptable data available_On ne dispose pas de données acceptables;1;;;;1;1;;;;;;;;;;;;;;
Mouette de Bonaparte;Chroicocephalus philadelphia;Regular Breeder_Espèce qui niche régulièrement;86,8;Increasing_Augmentation;CBC NA_RON AmN;1;;;;1;;;;;;;;;;;;;;;
Mouette rieuse;Chroicocephalus ridibundus;Regular Breeder_Espèce qui niche régulièrement;;;No acceptable data available_On ne dispose pas de données acceptables;1;;;;;1;;;;;;;;;;;;;;
Mouette pygmée;Hydrocoloeus minutus;Regular and Occasional Breeder_Présence régulière et nicheur occasionnelle;;;No acceptable data available_On ne dispose pas de données acceptables;1;;;;1;;;;;;;;;;;;;;;
Mouette rosée;Rhodostethia rosea;Regular Breeder_Espèce qui niche régulièrement;;;No acceptable data available_On ne dispose pas de données acceptables;1;;;;;1;;;;;;;;;;;;;;
Mouette atricille;Leucophaeus atricilla;Regular and Occasional Breeder_Présence régulière et nicheur occasionnelle;;;No acceptable data available_On ne dispose pas de données acceptables;1;;;;;1;;;;;;;;;;;;;;
Mouette de Franklin;Leucophaeus pipixcan;Regular Breeder_Espèce qui niche régulièrement;-60,8;Decreasing_Diminution;BBS;1;;;;1;;;;;;;;;;;;;;;
Goéland de Heermann;Larus heermanni;Regular Non-breeder_Espèce non-reproductrice avec présence régulière;;;No acceptable data available_On ne dispose pas de données acceptables;1;;;;;1;;;;;;;;;;;;;;
Goéland cendré;Larus canus;Regular Breeder_Espèce qui niche régulièrement;-71,1;Decreasing_Diminution;CBC NA_RON AmN;1;;;;1;;;;;;;;;;;;;;;
Goéland à bec cerclé;Larus delawarensis;Regular Breeder_Espèce qui niche régulièrement;292;Increasing_Augmentation;BBS;1;;;;1;;;;;;;;;;;;;;;
Goéland d'Audubon;Larus occidentalis;Regular Breeder_Espèce qui niche régulièrement;;;No acceptable data available_On ne dispose pas de données acceptables;1;;;;;1;;;;;;;;;;;;;;
Goéland de Californie;Larus californicus;Regular Breeder_Espèce qui niche régulièrement;69;Increasing_Augmentation;BBS;1;;;;1;;;;;;;;;;;;;;;
Goéland argenté;Larus argentatus;Regular Breeder_Espèce qui niche régulièrement;-67;Decreasing_Diminution;Seabird Colonies - Atlantic_Colonies oiseaux de mer - Atlantique;1;;;;;1;;;;;;;;;;;;;;
Goéland arctique;Larus glaucoides;Regular Breeder_Espèce qui niche régulièrement;53,5;Increasing_Augmentation;CBC NA_RON AmN;1;;;;1;1;;;;;;;;;;;;;;
Goéland brun;Larus fuscus;Regular Non-breeder_Espèce non-reproductrice avec présence régulière;;;No acceptable data available_On ne dispose pas de données acceptables;1;;;;;1;;;;;;;;;;;;;;
Goéland à ailes grises;Larus glaucescens;Regular Breeder_Espèce qui niche régulièrement;-16,3;Stable_Stables;BBS;1;;;;;1;;;;;;;;;;;;;;
Goéland bourgmestre;Larus hyperboreus;Regular Breeder_Espèce qui niche régulièrement;;;No acceptable data available_On ne dispose pas de données acceptables;1;;;;;1;;;;;;;;;;;;;;
Goéland marin;Larus marinus;Regular Breeder_Espèce qui niche régulièrement;-55,9;Decreasing_Diminution;CBC NA_RON AmN;1;;;;;1;;;;;;;;;;;;;;
Sterne caspienne;Hydroprogne caspia;Regular Breeder_Espèce qui niche régulièrement;535;Increasing_Augmentation;BBS;1;;;;1;;;;;;;;;;;;;;;
Guifette noire;Chlidonias niger;Regular Breeder_Espèce qui niche régulièrement;-64,7;Decreasing_Diminution;BBS;1;;;;1;;;;;;;;;;;;;;;
Sterne de Dougall;Sterna dougallii;Regular Breeder_Espèce qui niche régulièrement;-40,1;Decreasing_Diminution;Seabird Colonies - Atlantic_Colonies oiseaux de mer - Atlantique;1;;;;;1;;;;;;;;;;;;;;
Sterne pierregarin;Sterna hirundo;Regular Breeder_Espèce qui niche régulièrement;;;No acceptable data available_On ne dispose pas de données acceptables;1;;;;1;1;;;;;;;;;;;;;;
Sterne arctique;Sterna paradisaea;Regular Breeder_Espèce qui niche régulièrement;;;No acceptable data available_On ne dispose pas de données acceptables;1;;;;1;1;;;;;;;;;;;;;;
Sterne de Forster;Sterna forsteri;Regular Breeder_Espèce qui niche régulièrement;;;No acceptable data available_On ne dispose pas de données acceptables;1;;;;1;;;;;;;;;;;;;;;
Plongeon catmarin;Gavia stellata;Regular Breeder_Espèce qui niche régulièrement;372;Increasing_Augmentation;CBC NA_RON AmN;1;;;;1;;;;;;;;;;;;;;;
Plongeon du Pacifique;Gavia pacifica;Regular Breeder_Espèce qui niche régulièrement;93,6;Increasing_Augmentation;CBC NA_RON AmN;1;;;;1;;;;;;;;;;;;;;;
Plongeon huard;Gavia immer;Regular Breeder_Espèce qui niche régulièrement;86,7;Increasing_Augmentation;BBS;1;;;;1;;;;;;;;;;;;;;;
Plongeon à bec blanc;Gavia adamsii;Regular Breeder_Espèce qui niche régulièrement;-86,8;Decreasing_Diminution;CBC NA_RON AmN;1;;;;1;;;;;;;;;;;;;;;
Albatros de Laysan;Phoebastria immutabilis;Regular Non-breeder_Espèce non-reproductrice avec présence régulière;;;No acceptable data available_On ne dispose pas de données acceptables;1;;;;;1;;;;;;;;;;;;;;
Albatros à pieds noirs;Phoebastria nigripes;Regular Non-breeder_Espèce non-reproductrice avec présence régulière;;;No acceptable data available_On ne dispose pas de données acceptables;1;;;;;1;;;;;;;;;;;;;;
Albatros à queue courte;Phoebastria albatrus;Regular Non-breeder_Espèce non-reproductrice avec présence régulière;;;No acceptable data available_On ne dispose pas de données acceptables;1;;;;;1;;;;;;;;;;;;;;
Fulmar boréal;Fulmarus glacialis;Regular Breeder_Espèce qui niche régulièrement;-13,2;Stable_Stables;Seabird Colonies - Arctic_Colonies oiseaux de mer - Arctique;1;;;;;1;;;;;;;;;;;;;;
Pétrel de Murphy;Pterodroma ultima;Regular Non-breeder_Espèce non-reproductrice avec présence régulière;;;No acceptable data available_On ne dispose pas de données acceptables;1;;;;;1;;;;;;;;;;;;;;
Pétrel maculé;Pterodroma inexpectata;Regular Non-breeder_Espèce non-reproductrice avec présence régulière;;;No acceptable data available_On ne dispose pas de données acceptables;1;;;;;1;;;;;;;;;;;;;;
Puffin cendré;Calonectris diomedea;Regular Non-breeder_Espèce non-reproductrice avec présence régulière;;;No acceptable data available_On ne dispose pas de données acceptables;1;;;;;1;;;;;;;;;;;;;;
Puffin de Buller;Ardenna bulleri;Regular Non-breeder_Espèce non-reproductrice avec présence régulière;;;No acceptable data available_On ne dispose pas de données acceptables;1;;;;;1;;;;;;;;;;;;;;
Puffin à bec grêle;Ardenna tenuirostris;Regular Non-breeder_Espèce non-reproductrice avec présence régulière;;;No acceptable data available_On ne dispose pas de données acceptables;1;;;;;1;;;;;;;;;;;;;;
Puffin fuligineux;Ardenna grisea;Regular Non-breeder_Espèce non-reproductrice avec présence régulière;;;No acceptable data available_On ne dispose pas de données acceptables;1;;;;;1;;;;;;;;;;;;;;
Puffin majeur;Ardenna gravis;Regular Non-breeder_Espèce non-reproductrice avec présence régulière;;;No acceptable data available_On ne dispose pas de données acceptables;1;;;;;1;;;;;;;;;;;;;;
Puffin à pieds roses;Ardenna creatopus;Regular Non-breeder_Espèce non-reproductrice avec présence régulière;;;No acceptable data available_On ne dispose pas de données acceptables;1;;;;;1;;;;;;;;;;;;;;
Puffin à pieds pâles;Ardenna carneipes;Regular Non-breeder_Espèce non-reproductrice avec présence régulière;;;No acceptable data available_On ne dispose pas de données acceptables;1;;;;;1;;;;;;;;;;;;;;
Puffin des Anglais;Puffinus puffinus;Regular Breeder_Espèce qui niche régulièrement;;;No acceptable data available_On ne dispose pas de données acceptables;1;;;;;1;;;;;;;;;;;;;;
Océanite de Wilson;Oceanites oceanicus;Regular Non-breeder_Espèce non-reproductrice avec présence régulière;;;No acceptable data available_On ne dispose pas de données acceptables;1;;;;;1;;;;;;;;;;;;;;
Océanite à queue fourchue;Oceanodroma furcata;Regular Breeder_Espèce qui niche régulièrement;;;No acceptable data available_On ne dispose pas de données acceptables;1;;;;;1;;;;;;;;;;;;;;
Océanite cul-blanc;Oceanodroma leucorhoa;Regular Breeder_Espèce qui niche régulièrement;-40,4;Decreasing_Diminution;Seabird Colonies - Atlantic_Colonies oiseaux de mer - Atlantique;1;;;;;1;;;;;;;;;;;;;;
Fou de Bassan;Morus bassanus;Regular Breeder_Espèce qui niche régulièrement;280;Increasing_Augmentation;Seabird Colonies - Atlantic_Colonies oiseaux de mer - Atlantique;1;;;;;1;;;;;;;;;;;;;;
Cormoran de Brandt;Phalacrocorax penicillatus;Regular and Occasional Breeder_Présence régulière et nicheur occasionnelle;;;No acceptable data available_On ne dispose pas de données acceptables;1;;;;;1;;;;;;;;;;;;;;
Cormoran à aigrettes;Phalacrocorax auritus;Regular Breeder_Espèce qui niche régulièrement;149;Increasing_Augmentation;Seabird Colonies - Atlantic_Colonies oiseaux de mer - Atlantique;1;;;;;1;;;;;;;;;;;;;;
Grand Cormoran;Phalacrocorax carbo;Regular Breeder_Espèce qui niche régulièrement;31,3;Stable_Stables;Seabird Colonies - Atlantic_Colonies oiseaux de mer - Atlantique;1;;;;;1;;;;;;;;;;;;;;
Cormoran pélagique;Phalacrocorax pelagicus;Regular Breeder_Espèce qui niche régulièrement;-1,27;Stable_Stables;CBC NA_RON AmN;1;;;;;1;;;;;;;;;;;;;;
Pélican d'Amérique;Pelecanus erythrorhynchos;Regular Breeder_Espèce qui niche régulièrement;1070;Increasing_Augmentation;BBS;1;;;;1;;;;;;;;;;;;;;;
Pélican brun;Pelecanus occidentalis;Regular Non-breeder_Espèce non-reproductrice avec présence régulière;;;No acceptable data available_On ne dispose pas de données acceptables;1;;;;1;;;;;;;;;;;;;;;
Butor d'Amérique;Botaurus lentiginosus;Regular Breeder_Espèce qui niche régulièrement;-32,6;Decreasing_Diminution;BBS;1;;;;1;;;;;;;;;;;;;;;
Petit Blongios;Ixobrychus exilis;Regular Breeder_Espèce qui niche régulièrement;-9,54;Stable_Stables;MMP - GL_PSM - GL;1;;;;1;;;;;;;;;;;;;;;
Grand Héron;Ardea herodias;Regular Breeder_Espèce qui niche régulièrement;-19,7;Stable_Stables;BBS;1;;;;1;;;;;;;;;;;;;;;
Grande Aigrette;Ardea alba;Regular Breeder_Espèce qui niche régulièrement;1360;Increasing_Augmentation;BBS;;1;;;;;;;;;;;;;;;;;;
Aigrette neigeuse;Egretta thula;Regular and Occasional Breeder_Présence régulière et nicheur occasionnelle;;;No acceptable data available_On ne dispose pas de données acceptables;1;;;;1;;;;;;;;;;;;;;;
Aigrette bleue;Egretta caerulea;Regular Non-breeder_Espèce non-reproductrice avec présence régulière;;;No acceptable data available_On ne dispose pas de données acceptables;1;;;;1;;;;;;;;;;;;;;;
Héron garde-boeufs;Bubulcus ibis;Regular and Occasional Breeder_Présence régulière et nicheur occasionnelle;;;No acceptable data available_On ne dispose pas de données acceptables;1;;;;1;;;;;;;;;;;;;;;
Héron vert;Butorides virescens;Regular Breeder_Espèce qui niche régulièrement;-29,8;Decreasing_Diminution;BBS;1;;;;1;;;;;;;;;;;;;;;
Bihoreau gris;Nycticorax nycticorax;Regular Breeder_Espèce qui niche régulièrement;-23,4;Stable_Stables;BBS;1;;;;1;;;;;;;;;;;;;;;
Ibis falcinelle;Plegadis falcinellus;Regular Non-breeder_Espèce non-reproductrice avec présence régulière;;;No acceptable data available_On ne dispose pas de données acceptables;1;;;;1;;;;;;;;;;;;;;;
Ibis à face blanche;Plegadis chihi;Regular and Occasional Breeder_Présence régulière et nicheur occasionnelle;;;No acceptable data available_On ne dispose pas de données acceptables;1;;;;1;;;;;;;;;;;;;;;
Urubu à tête rouge;Cathartes aura;Regular Breeder_Espèce qui niche régulièrement;2820;Increasing_Augmentation;BBS;1;;;1;;;;;;;;;;;;;;;;
Condor de Californie;Gymnogyps californianus;Extinct or Extirpated_Disparue ou disparue du pays;;;No acceptable data available_On ne dispose pas de données acceptables;;;;;;;;;;;;;;;;;;;;
Balbuzard pêcheur;Pandion haliaetus;Regular Breeder_Espèce qui niche régulièrement;359;Increasing_Augmentation;BBS;1;;;1;;;;;;;;;;;;;;;;
Milan du Mississippi;Ictinia mississippiensis;Regular and Occasional Breeder_Présence régulière et nicheur occasionnelle;;;No acceptable data available_On ne dispose pas de données acceptables;1;;;1;;;;;;;;;;;;;;;;
Pygargue à tête blanche;Haliaeetus leucocephalus;Regular Breeder_Espèce qui niche régulièrement;891;Increasing_Augmentation;CBC CA_RON CA;1;;;1;;;;;;;;;;;;;;;;
Busard des marais;Circus hudsonius;Regular Breeder_Espèce qui niche régulièrement;-52;Decreasing_Diminution;BBS;1;;;1;;;;;;1;;;;;1;;;;;
Épervier brun;Accipiter striatus;Regular Breeder_Espèce qui niche régulièrement;;;No acceptable data available_On ne dispose pas de données acceptables;1;;;1;;;;;;;;;;;;;;;;
Épervier de Cooper;Accipiter cooperii;Regular Breeder_Espèce qui niche régulièrement;46,8;Increasing_Augmentation;BBS;1;;;1;;;;;;;;;;;;;;;;
Autour des palombes;Accipiter gentilis;Regular Breeder_Espèce qui niche régulièrement;-5,25;Stable_Stables;CBC CA_RON CA;1;;;1;;;;;;;;;;;;;;;;
Buse à épaulettes;Buteo lineatus;Regular Breeder_Espèce qui niche régulièrement;75,5;Increasing_Augmentation;BBS;1;;;1;;;;;;;;;;;;;;;;
Petite Buse;Buteo platypterus;Regular Breeder_Espèce qui niche régulièrement;97,8;Increasing_Augmentation;BBS;1;;;1;;;;;;;;;;;;;;;;
Buse de Swainson;Buteo swainsoni;Regular Breeder_Espèce qui niche régulièrement;38,7;Increasing_Augmentation;BBS;1;;;1;;;;;;1;;;;;1;;;;;
Buse à queue rousse;Buteo jamaicensis;Regular Breeder_Espèce qui niche régulièrement;68;Increasing_Augmentation;BBS;1;;;1;;;;;;;;;;;;;;;;
Buse pattue;Buteo lagopus;Regular Breeder_Espèce qui niche régulièrement;2,39;Stable_Stables;CBC NA_RON AmN;1;;;1;;;;;;;;;;;;;;;;
Buse rouilleuse;Buteo regalis;Regular Breeder_Espèce qui niche régulièrement;155;Increasing_Augmentation;BBS;1;;;1;;;;;;1;;;;;1;;;;;
Aigle royal;Aquila chrysaetos;Regular Breeder_Espèce qui niche régulièrement;-1,03;Stable_Stables;CBC CA_RON CA;1;;;1;;;;;;;;;;;;;;;;
Effraie des clochers;Tyto alba;Regular Breeder_Espèce qui niche régulièrement;;;No acceptable data available_On ne dispose pas de données acceptables;1;;;;;;;;;1;;;;;1;;;;;
Petit-duc nain;Psiloscops flammeolus;Regular Breeder_Espèce qui niche régulièrement;;;No acceptable data available_On ne dispose pas de données acceptables;1;;;;;;1;;;;;;;;;;;;;
Petit-duc des montagnes;Megascops kennicottii;Regular Breeder_Espèce qui niche régulièrement;;;No acceptable data available_On ne dispose pas de données acceptables;1;;;;;;1;;;;;;;;;;;;1;
Petit-duc maculé;Megascops asio;Regular Breeder_Espèce qui niche régulièrement;;;No acceptable data available_On ne dispose pas de données acceptables;1;;;;;;1;;;;;;;;;;;;1;
Grand-duc d'Amérique;Bubo virginianus;Regular Breeder_Espèce qui niche régulièrement;-14,1;Stable_Stables;BBS;1;;;;;;1;;;;;;;;;;;;1;
Harfang des neiges;Bubo scandiacus;Regular Breeder_Espèce qui niche régulièrement;-24,5;Stable_Stables;CBC NA_RON AmN;1;;;;;;;;;;;;;;;;;;;
Chouette épervière;Surnia ulula;Regular Breeder_Espèce qui niche régulièrement;-48,1;Decreasing_Diminution;CBC NA_RON AmN;1;;;;;;1;;;;;;;;;;;;1;
Chevêchette naine;Glaucidium gnoma;Regular Breeder_Espèce qui niche régulièrement;39,5;Increasing_Augmentation;CBC NA_RON AmN;1;;;;;;1;;;;;;;;;;;;1;
Chevêche des terriers;Athene cunicularia;Regular Breeder_Espèce qui niche régulièrement;;;No acceptable data available_On ne dispose pas de données acceptables;1;;;;;;;;;1;;;;;1;;;;;
Chouette tachetée;Strix occidentalis;Regular Breeder_Espèce qui niche régulièrement;;;No acceptable data available_On ne dispose pas de données acceptables;1;;;;;;1;;;;;;;;;;;;1;
Chouette rayée;Strix varia;Regular Breeder_Espèce qui niche régulièrement;219;Increasing_Augmentation;BBS;1;;;;;;1;;;;;;;;;;;;1;
Chouette lapone;Strix nebulosa;Regular Breeder_Espèce qui niche régulièrement;83,4;Increasing_Augmentation;CBC CA_RON CA;1;;;;;;1;;;;;;;;;;;;1;
Hibou moyen-duc;Asio otus;Regular Breeder_Espèce qui niche régulièrement;-50,5;Decreasing_Diminution;CBC NA_RON AmN;1;;;;;;1;;;;;;;;;;;;1;
Hibou des marais;Asio flammeus;Regular Breeder_Espèce qui niche régulièrement;-89,6;Decreasing_Diminution;CBC CA_RON CA;1;;;;;;;;;1;;;;;1;;;;;
Nyctale de Tengmalm;Aegolius funereus;Regular Breeder_Espèce qui niche régulièrement;;;No acceptable data available_On ne dispose pas de données acceptables;1;;;;;;1;;;;;;;;;;;;1;
Petite Nyctale;Aegolius acadicus;Regular Breeder_Espèce qui niche régulièrement;202;Increasing_Augmentation;CBC NA_RON AmN;1;;;;;;1;;;;;;;;;;;;1;
Martin-pêcheur d'Amérique;Megaceryle alcyon;Regular Breeder_Espèce qui niche régulièrement;-34;Decreasing_Diminution;BBS;1;;;;1;;;;;;;;;;;;;;;
Pic de Lewis;Melanerpes lewis;Regular Breeder_Espèce qui niche régulièrement;-64,6;Decreasing_Diminution;BBS;1;;;;;;1;;;;;;;;;;;;;
Pic à tête rouge;Melanerpes erythrocephalus;Regular Breeder_Espèce qui niche régulièrement;-39,2;Decreasing_Diminution;BBS;1;;;;;;1;;;;;;;;;;;;;
Pic à ventre roux;Melanerpes carolinus;Regular Breeder_Espèce qui niche régulièrement;7530;Increasing_Augmentation;BBS;;1;;;;;;;;;;;;;;;;;;
Pic de Williamson;Sphyrapicus thyroideus;Regular Breeder_Espèce qui niche régulièrement;;;No acceptable data available_On ne dispose pas de données acceptables;1;;;;;;1;;;;;;;;;;;;;
Pic maculé;Sphyrapicus varius;Regular Breeder_Espèce qui niche régulièrement;7,14;Stable_Stables;BBS;1;;;;;;1;;;;;;;;;;;;;
Pic à nuque rouge;Sphyrapicus nuchalis;Regular Breeder_Espèce qui niche régulièrement;130;Increasing_Augmentation;BBS;1;;;;;;1;;;;;;;;;;;;;
Pic à poitrine rouge;Sphyrapicus ruber;Regular Breeder_Espèce qui niche régulièrement;321;Increasing_Augmentation;BBS;1;;;;;;1;;;;;;;;;;;;1;
Pic mineur;Picoides pubescens;Regular Breeder_Espèce qui niche régulièrement;24,8;Stable_Stables;BBS;1;;;;;;1;;;;;;;;;;;;1;
Pic chevelu;Picoides villosus;Regular Breeder_Espèce qui niche régulièrement;101;Increasing_Augmentation;CBC CA_RON CA;1;;;;;;1;;;;;;;;;;;;1;
Pic à tête blanche;Picoides albolarvatus;Regular and Occasional Breeder_Présence régulière et nicheur occasionnelle;;;No acceptable data available_On ne dispose pas de données acceptables;1;;;;;;1;;;;;;;;;;;;1;
Pic à dos rayé;Picoides dorsalis;Regular Breeder_Espèce qui niche régulièrement;403;Increasing_Augmentation;BBS;1;;;;;;1;;;;;;;;;;;;1;
Pic à dos noir;Picoides arcticus;Regular Breeder_Espèce qui niche régulièrement;433;Increasing_Augmentation;BBS;1;;;;;;1;;;;;;;;;;;;1;
Pic flamboyant;Colaptes auratus;Regular Breeder_Espèce qui niche régulièrement;-35,7;Decreasing_Diminution;BBS;1;;;;;;1;;;;;;;;;;;;;
Grand Pic;Dryocopus pileatus;Regular Breeder_Espèce qui niche régulièrement;283;Increasing_Augmentation;BBS;1;;;;;;1;;;;;;;;;;;;1;
Crécerelle d'Amérique;Falco sparverius;Regular Breeder_Espèce qui niche régulièrement;-38;Decreasing_Diminution;BBS;1;;;1;;;;;;1;;;;;1;;;;;
Faucon émerillon;Falco columbarius;Regular Breeder_Espèce qui niche régulièrement;493;Increasing_Augmentation;BBS;1;;;1;;;;;;;;;;;;;;;;
Faucon gerfaut;Falco rusticolus;Regular Breeder_Espèce qui niche régulièrement;;;No acceptable data available_On ne dispose pas de données acceptables;1;;;1;;;;;;;;;;;;;;;;
Faucon pèlerin;Falco peregrinus;Regular Breeder_Espèce qui niche régulièrement;424;Increasing_Augmentation;CBC CA_RON CA;1;;;1;;;;;;;;;;;;;;;;
Faucon des prairies;Falco mexicanus;Regular Breeder_Espèce qui niche régulièrement;41,7;Increasing_Augmentation;CBC CA_RON CA;1;;;1;;;;;;1;;;;;1;;;;;
Moucherolle à côtés olive;Contopus cooperi;Regular Breeder_Espèce qui niche régulièrement;-65,5;Decreasing_Diminution;BBS;1;;;;;;1;;;;1;;;;;;;1;;
Pioui de l'Ouest;Contopus sordidulus;Regular Breeder_Espèce qui niche régulièrement;-53,3;Decreasing_Diminution;BBS;1;;;;;;1;;;;1;;;;;;;1;;
Pioui de l'Est;Contopus virens;Regular Breeder_Espèce qui niche régulièrement;-67,3;Decreasing_Diminution;BBS;1;;;;;;1;;;;1;;;;;;;1;;
Moucherolle à ventre jaune;Empidonax flaviventris;Regular Breeder_Espèce qui niche régulièrement;60,6;Increasing_Augmentation;BBS;1;;;;;;1;;;;;;;;;;;;;
Moucherolle vert;Empidonax virescens;Regular Breeder_Espèce qui niche régulièrement;;;No acceptable data available_On ne dispose pas de données acceptables;1;;;;;;1;;;;;;;;;;;1;;
Moucherolle des aulnes;Empidonax alnorum;Regular Breeder_Espèce qui niche régulièrement;29,7;Stable_Stables;BBS;1;;;;;;1;;;;;;;;;;;1;;
Moucherolle des saules;Empidonax traillii;Regular Breeder_Espèce qui niche régulièrement;-53,9;Decreasing_Diminution;BBS;1;;;;;;1;;;;;;;;;;;;;
Moucherolle tchébec;Empidonax minimus;Regular Breeder_Espèce qui niche régulièrement;-44,8;Decreasing_Diminution;BBS;1;;;;;;1;;;;;;;;;;;;;
Moucherolle de Hammond;Empidonax hammondii;Regular Breeder_Espèce qui niche régulièrement;85,7;Increasing_Augmentation;BBS;1;;;;;;1;;;;;;;;;;;;;
Moucherolle gris;Empidonax wrightii;Regular Breeder_Espèce qui niche régulièrement;;;No acceptable data available_On ne dispose pas de données acceptables;1;;;;;;;1;;;;;;;;;;;;
Moucherolle sombre;Empidonax oberholseri;Regular Breeder_Espèce qui niche régulièrement;76,5;Increasing_Augmentation;BBS;1;;;;;;1;;;;;;;;;;;;;
Moucherolle côtier;Empidonax difficilis;Regular Breeder_Espèce qui niche régulièrement;216;Increasing_Augmentation;BBS;1;;;;;;1;;;;;;;;;;;;;
Moucherolle des ravins;Empidonax occidentalis;Regular Breeder_Espèce qui niche régulièrement;;;No acceptable data available_On ne dispose pas de données acceptables;1;;;;;;1;;;;;;;;;;;;;
Moucherolle phébi;Sayornis phoebe;Regular Breeder_Espèce qui niche régulièrement;-41,7;Decreasing_Diminution;BBS;1;;;;;;;1;;;;;;;;;;;;
Moucherolle à ventre roux;Sayornis saya;Regular Breeder_Espèce qui niche régulièrement;110;Increasing_Augmentation;BBS;1;;;;;;;1;;;;;;;;;;;;
Tyran huppé;Myiarchus crinitus;Regular Breeder_Espèce qui niche régulièrement;-25;Decreasing_Diminution;BBS;1;;;;;;1;;;;;;;;;;;;;
Tyran de l'Ouest;Tyrannus verticalis;Regular Breeder_Espèce qui niche régulièrement;7,39;Stable_Stables;BBS;1;;;;;;;;;1;;;;;1;;;;;
Tyran tritri;Tyrannus tyrannus;Regular Breeder_Espèce qui niche régulièrement;-45,9;Decreasing_Diminution;BBS;1;;;;;;1;;;;;;;;;;;1;;
Pie-grièche migratrice;Lanius ludovicianus;Regular Breeder_Espèce qui niche régulièrement;-76,9;Decreasing_Diminution;BBS;1;;;;;;;;;1;;;;;;;;;;
Pie-grièche boréale;Lanius borealis;Regular Breeder_Espèce qui niche régulièrement;-15,7;Stable_Stables;CBC CA_RON CA;1;;;;;;;1;;;;;;;;;;;;
Viréo aux yeux blancs;Vireo griseus;Regular Breeder_Espèce qui niche régulièrement;;;No acceptable data available_On ne dispose pas de données acceptables;1;;;;;;;1;;;;;;;;;;;;
Viréo de Hutton;Vireo huttoni;Regular Breeder_Espèce qui niche régulièrement;238;Increasing_Augmentation;BBS;1;;;;;;1;;;;;;;;;;;;1;
Viréo à gorge jaune;Vireo flavifrons;Regular Breeder_Espèce qui niche régulièrement;47,1;Increasing_Augmentation;BBS;1;;;;;;1;;;;;;;;;;;;;
Viréo de Cassin;Vireo cassinii;Regular Breeder_Espèce qui niche régulièrement;14,4;Stable_Stables;BBS;1;;;;;;1;;;;;;;;;;;;;
Viréo à tête bleue;Vireo solitarius;Regular Breeder_Espèce qui niche régulièrement;279;Increasing_Augmentation;BBS;1;;;;;;1;;;;;;;;;;;;;
Viréo de Philadelphie;Vireo philadelphicus;Regular Breeder_Espèce qui niche régulièrement;210;Increasing_Augmentation;BBS;1;;;;;;1;;;;;;;;;;;;;
Viréo mélodieux;Vireo gilvus;Regular Breeder_Espèce qui niche régulièrement;49,5;Increasing_Augmentation;BBS;1;;;;;;1;;;;;;;;;;;;;
Viréo aux yeux rouges;Vireo olivaceus;Regular Breeder_Espèce qui niche régulièrement;45,8;Increasing_Augmentation;BBS;1;;;;;;1;;;;;;;;;;;;;
Mésangeai du Canada;Perisoreus canadensis;Regular Breeder_Espèce qui niche régulièrement;-66,9;Decreasing_Diminution;CBC CA_RON CA;1;;;;;;1;;;;;;;;;;;;1;
Geai de Steller;Cyanocitta stelleri;Regular Breeder_Espèce qui niche régulièrement;84,3;Increasing_Augmentation;BBS;1;;;;;;1;;;;;;;;;;;;1;
Geai bleu;Cyanocitta cristata;Regular Breeder_Espèce qui niche régulièrement;62,4;Increasing_Augmentation;BBS;1;;;;;;;1;;;;;;;;;;;;
Geai buissonnier;Aphelocoma californica;Regular and Occasional Breeder_Présence régulière et nicheur occasionnelle;;;No acceptable data available_On ne dispose pas de données acceptables;1;;;;;;;1;;;;;;;;;;;;
Cassenoix d'Amérique;Nucifraga columbiana;Regular Breeder_Espèce qui niche régulièrement;58,3;Increasing_Augmentation;BBS;1;;;;;;1;;;;;;;;;;;;1;1
Pie d'Amérique;Pica hudsonia;Regular Breeder_Espèce qui niche régulièrement;-29,3;Decreasing_Diminution;BBS;1;;;;;;;1;;;;;;;;;;;;
Corneille d'Amérique;Corvus brachyrhynchos;Regular Breeder_Espèce qui niche régulièrement;-21,6;Stable_Stables;BBS;1;;;;;;;1;;;;;;;;;;;;
Corneille d'Alaska;Corvus caurinus;Regular Breeder_Espèce qui niche régulièrement;43,5;Increasing_Augmentation;BBS;1;;;;;;;1;;;;;;;;;;;;
Grand Corbeau;Corvus corax;Regular Breeder_Espèce qui niche régulièrement;223;Increasing_Augmentation;BBS;1;;;;;;;1;;;;;;;;;;;;
Alouette des champs;Alauda arvensis;Non-native Regular Breeder_Espèce non-indigène qui niche régulièrement ;-96,4;Decreasing_Diminution;CBC CA_RON CA;;;;;;;;;;;;;;;;;;;;
Alouette hausse-col;Eremophila alpestris;Regular Breeder_Espèce qui niche régulièrement;-88,9;Decreasing_Diminution;BBS;1;;;;;;;;;1;;;;;1;;;;;
Hirondelle noire;Progne subis;Regular Breeder_Espèce qui niche régulièrement;-21,3;Stable_Stables;BBS;1;;;;;;;;;;1;;;;;;;;;
Hirondelle bicolore;Tachycineta bicolor;Regular Breeder_Espèce qui niche régulièrement;-40,5;Decreasing_Diminution;BBS;1;;;;;;;;;;1;;;;;;;;;
Hirondelle à face blanche;Tachycineta thalassina;Regular Breeder_Espèce qui niche régulièrement;-13,3;Stable_Stables;BBS;1;;;;;;;;;;1;;;;;;;;;
Hirondelle à ailes hérissées;Stelgidopteryx serripennis;Regular Breeder_Espèce qui niche régulièrement;-41,4;Decreasing_Diminution;BBS;1;;;;;;;;;;1;;;;;;;;;
Hirondelle de rivage;Riparia riparia;Regular Breeder_Espèce qui niche régulièrement;-95,1;Decreasing_Diminution;BBS;1;;;;;;;;;;1;;;;;;;;;
Hirondelle à front blanc;Petrochelidon pyrrhonota;Regular Breeder_Espèce qui niche régulièrement;-66,6;Decreasing_Diminution;BBS;1;;;;;;;;;;1;;;;;;;;;
Hirondelle rustique;Hirundo rustica;Regular Breeder_Espèce qui niche régulièrement;-67,4;Decreasing_Diminution;BBS;1;;;;;;;;;;1;;;;;;;;;
Mésange à tête noire;Poecile atricapillus;Regular Breeder_Espèce qui niche régulièrement;63,9;Increasing_Augmentation;BBS;1;;;;;;1;;;;;;;;;;;;1;
Mésange de Gambel;Poecile gambeli;Regular Breeder_Espèce qui niche régulièrement;49;Increasing_Augmentation;BBS;1;;;;;;1;;;;;;;;;;;;1;
Mésange à dos marron;Poecile rufescens;Regular Breeder_Espèce qui niche régulièrement;-35,8;Decreasing_Diminution;BBS;1;;;;;;1;;;;;;;;;;;;1;
Mésange à tête brune;Poecile hudsonicus;Regular Breeder_Espèce qui niche régulièrement;-10,7;Stable_Stables;CBC CA_RON CA;1;;;;;;1;;;;;;;;;;;;1;
Mésange lapone;Poecile cinctus;Regular and Occasional Breeder_Présence régulière et nicheur occasionnelle;;;No acceptable data available_On ne dispose pas de données acceptables;1;;;;;;;1;;;;;;;;;;;;
Mésange bicolore;Baeolophus bicolor;Regular Breeder_Espèce qui niche régulièrement;;;No acceptable data available_On ne dispose pas de données acceptables;1;;;;;;1;;;;;;;;;;;;1;
Mésange buissonnière;Psaltriparus minimus;Regular Breeder_Espèce qui niche régulièrement;328;Increasing_Augmentation;CBC CA_RON CA;;1;;;;;;;;;;;;;;;;;;
Sittelle à poitrine rousse;Sitta canadensis;Regular Breeder_Espèce qui niche régulièrement;148;Increasing_Augmentation;BBS;1;;;;;;1;;;;;;;;;;;;1;
Sittelle à poitrine blanche;Sitta carolinensis;Regular Breeder_Espèce qui niche régulièrement;178;Increasing_Augmentation;BBS;1;;;;;;1;;;;;;;;;;;;1;
Sittelle pygmée;Sitta pygmaea;Regular Breeder_Espèce qui niche régulièrement;-24,5;Stable_Stables;CBC CA_RON CA;1;;;;;;1;;;;;;;;;;;;1;
Grimpereau brun;Certhia americana;Regular Breeder_Espèce qui niche régulièrement;136;Increasing_Augmentation;BBS;1;;;;;;1;;;;;;;;;;;;1;
Troglodyte des rochers;Salpinctes obsoletus;Regular Breeder_Espèce qui niche régulièrement;-11,3;Stable_Stables;BBS;1;;;;;;;1;;;;;;;;;;;;
Troglodyte des canyons;Catherpes mexicanus;Regular Breeder_Espèce qui niche régulièrement;1,26;Stable_Stables;CBC CA_RON CA;1;;;;;;;1;;;;;;;;;;;;
Troglodyte familier;Troglodytes aedon;Regular Breeder_Espèce qui niche régulièrement;18,7;Stable_Stables;BBS;1;;;;;;;1;;;;;;;;;;;;
Troglodyte de Baird;Troglodytes pacificus;Regular Breeder_Espèce qui niche régulièrement;19,4;Stable_Stables;BBS;1;;;;;;1;;;;;;;;;;;;1;
Troglodyte des forêts;Troglodytes hiemalis;Regular Breeder_Espèce qui niche régulièrement;3,21;Stable_Stables;BBS;1;;;;;;1;;;;;;;;;;;;;
Troglodyte à bec court;Cistothorus platensis;Regular Breeder_Espèce qui niche régulièrement;25;Stable_Stables;BBS;1;;;;1;;;;;;;;;;;;;;;
Troglodyte des marais;Cistothorus palustris;Regular Breeder_Espèce qui niche régulièrement;283;Increasing_Augmentation;BBS;1;;;;1;;;;;;;;;;;;;;;
Troglodyte de Caroline;Thryothorus ludovicianus;Regular Breeder_Espèce qui niche régulièrement;1400;Increasing_Augmentation;BBS;;1;;;;;;;;;;;;;;;;;;
Troglodyte de Bewick;Thryomanes bewickii;Regular Breeder_Espèce qui niche régulièrement;-53,6;Decreasing_Diminution;BBS;1;;;;;;1;;;;;;;;;;;;1;
Gobemoucheron gris-bleu;Polioptila caerulea;Regular Breeder_Espèce qui niche régulièrement;822;Increasing_Augmentation;BBS;;1;;;;;;;;;;;;;;;;;;
Cincle d'Amérique;Cinclus mexicanus;Regular Breeder_Espèce qui niche régulièrement;-10,2;Stable_Stables;BBS;1;;;;1;;;;;;;;;;;;;;;
Roitelet à couronne dorée;Regulus satrapa;Regular Breeder_Espèce qui niche régulièrement;43,2;Increasing_Augmentation;BBS;1;;;;;;1;;;;;;;;;;;;;
Roitelet à couronne rubis;Regulus calendula;Regular Breeder_Espèce qui niche régulièrement;-30;Decreasing_Diminution;CBC NA_RON AmN;1;;;;;;1;;;;;;;;;;;;;
Gorgebleue à miroir;Luscinia svecica;Regular and Occasional Breeder_Présence régulière et nicheur occasionnelle;;;No acceptable data available_On ne dispose pas de données acceptables;1;;;;;;;1;;;;;;;;;;;;
Traquet motteux;Oenanthe oenanthe;Regular Breeder_Espèce qui niche régulièrement;;;No acceptable data available_On ne dispose pas de données acceptables;1;;;;;;;1;;;;;;;;;;;;
Merlebleu de l'Est;Sialia sialis;Regular Breeder_Espèce qui niche régulièrement;151;Increasing_Augmentation;BBS;1;;;;;;;1;;;;;;;;;;;;
Merlebleu de l'Ouest;Sialia mexicana;Regular Breeder_Espèce qui niche régulièrement;602;Increasing_Augmentation;BBS;1;;;;;;1;;;;;;;;;;;;;
Merlebleu azuré;Sialia currucoides;Regular Breeder_Espèce qui niche régulièrement;-18,6;Stable_Stables;BBS;1;;;;;;;1;;;;;;;;;;;;
Solitaire de Townsend;Myadestes townsendi;Regular Breeder_Espèce qui niche régulièrement;31,2;Stable_Stables;BBS;1;;;;;;1;;;;;;;;;;;;;
Grive fauve;Catharus fuscescens;Regular Breeder_Espèce qui niche régulièrement;-20,9;Stable_Stables;BBS;1;;;;;;1;;;;;;;;;;;1;;
Grive à joues grises;Catharus minimus;Regular Breeder_Espèce qui niche régulièrement;-64,1;Decreasing_Diminution;BBS;1;;;;;;1;;;;;;;;;;;1;;
Grive de Bicknell;Catharus bicknelli;Regular Breeder_Espèce qui niche régulièrement;-90,9;Decreasing_Diminution;BBS;1;;;;;;1;;;;;;;;;;;;;
Grive à dos olive;Catharus ustulatus;Regular Breeder_Espèce qui niche régulièrement;1,02;Stable_Stables;BBS;1;;;;;;1;;;;;;;;;;;1;;
Grive solitaire;Catharus guttatus;Regular Breeder_Espèce qui niche régulièrement;-23,9;Stable_Stables;BBS;1;;;;;;1;;;;;;;;;;;;;
Grive des bois;Hylocichla mustelina;Regular Breeder_Espèce qui niche régulièrement;-72,5;Decreasing_Diminution;BBS;1;;;;;;1;;;;;;;;;;;;;
Merle d'Amérique;Turdus migratorius;Regular Breeder_Espèce qui niche régulièrement;7,37;Stable_Stables;BBS;1;;;;;;;1;;;;;;;;;;;;
Grive à collier;Ixoreus naevius;Regular Breeder_Espèce qui niche régulièrement;29,8;Stable_Stables;BBS;1;;;;;;1;;;;;;;;;;;;;1
Moqueur chat;Dumetella carolinensis;Regular Breeder_Espèce qui niche régulièrement;-8,33;Stable_Stables;BBS;1;;;;;;;1;;;;;;;;;;;;
Moqueur roux;Toxostoma rufum;Regular Breeder_Espèce qui niche régulièrement;-38,5;Decreasing_Diminution;BBS;1;;;;;;;1;;;;;;;;;;;;
Moqueur des armoises;Oreoscoptes montanus;Regular Breeder_Espèce qui niche régulièrement;;;No acceptable data available_On ne dispose pas de données acceptables;1;;;;;;;1;;;;;;;;;;;;
Moqueur polyglotte;Mimus polyglottos;Regular Breeder_Espèce qui niche régulièrement;17,8;Stable_Stables;BBS;1;;;;;;;1;;;;;;;;;;;;
Étourneau sansonnet;Sturnus vulgaris;Non-native Regular Breeder_Espèce non-indigène qui niche régulièrement ;-65,6;Decreasing_Diminution;BBS;;;;;;;;;;;;;;;;;;;;
Jaseur boréal;Bombycilla garrulus;Regular Breeder_Espèce qui niche régulièrement;-45,3;Decreasing_Diminution;CBC NA_RON AmN;1;;;;;;1;;;;;;;;;;;;1;1
Jaseur d'Amérique;Bombycilla cedrorum;Regular Breeder_Espèce qui niche régulièrement;14,6;Stable_Stables;BBS;1;;;;;;;1;;;;;;;;;;;;
Moineau domestique;Passer domesticus;Non-native Regular Breeder_Espèce non-indigène qui niche régulièrement ;-81,5;Decreasing_Diminution;BBS;;;;;;;;;;;;;;;;;;;;
Bergeronnette de Béringie;Motacilla tschutschensis;Regular and Occasional Breeder_Présence régulière et nicheur occasionnelle;;;No acceptable data available_On ne dispose pas de données acceptables;1;;;;;;;1;;;;;;;;;;;;
Pipit d'Amérique;Anthus rubescens;Regular Breeder_Espèce qui niche régulièrement;-59,8;Decreasing_Diminution;CBC NA_RON AmN;1;;;;;;;1;;;;;;;;;;;;
Pipit de Sprague;Anthus spragueii;Regular Breeder_Espèce qui niche régulièrement;-86,5;Decreasing_Diminution;BBS;1;;;;;;;;;1;;;;1;;;;;;
Gros-bec errant;Coccothraustes vespertinus;Regular Breeder_Espèce qui niche régulièrement;-88,3;Decreasing_Diminution;BBS;1;;;;;;1;;;;;;;;;;;;1;1
Durbec des sapins;Pinicola enucleator;Regular Breeder_Espèce qui niche régulièrement;-65,4;Decreasing_Diminution;CBC CA_RON CA;1;;;;;;1;;;;;;;;;;;;1;1
Roselin à tête grise;Leucosticte tephrocotis;Regular Breeder_Espèce qui niche régulièrement;121;Increasing_Augmentation;CBC NA_RON AmN;1;;;;;;;1;;;;;;;;;;;;
Roselin familier;Haemorhous mexicanus;Regular Breeder_Espèce qui niche régulièrement;87,2;Increasing_Augmentation;BBS;1;;;;;;;1;;;;;;;;;;;;
Roselin pourpré;Haemorhous purpureus;Regular Breeder_Espèce qui niche régulièrement;-34;Decreasing_Diminution;BBS;1;;;;;;1;;;;;;;;;;;;;1
Roselin de Cassin;Haemorhous cassinii;Regular Breeder_Espèce qui niche régulièrement;-55,8;Decreasing_Diminution;BBS;1;;;;;;1;;;;;;;;;;;;;1
Sizerin flammé;Acanthis flammea;Regular Breeder_Espèce qui niche régulièrement;-65;Decreasing_Diminution;CBC NA_RON AmN;1;;;;;;;1;;;;;;;;;;;;1
Sizerin blanchâtre;Acanthis hornemanni;Regular Breeder_Espèce qui niche régulièrement;1460;Increasing_Augmentation;CBC CA_RON CA;1;;;;;;;1;;;;;;;;;;;;
Bec-croisé des sapins;Loxia curvirostra;Regular Breeder_Espèce qui niche régulièrement;165;Increasing_Augmentation;BBS;1;;;;;;1;;;;;;;;;;;;1;1
Bec-croisé bifascié;Loxia leucoptera;Regular Breeder_Espèce qui niche régulièrement;-50,4;Decreasing_Diminution;CBC NA_RON AmN;1;;;;;;1;;;;;;;;;;;;1;1
Tarin des pins;Spinus pinus;Regular Breeder_Espèce qui niche régulièrement;-66,9;Decreasing_Diminution;BBS;1;;;;;;1;;;;;;;;;;;;1;1
Chardonneret jaune;Spinus tristis;Regular Breeder_Espèce qui niche régulièrement;-28,1;Decreasing_Diminution;BBS;1;;;;;;1;;;;;;;;;;;;1;
Plectrophane lapon;Calcarius lapponicus;Regular Breeder_Espèce qui niche régulièrement;-64,9;Decreasing_Diminution;CBC NA_RON AmN;1;;;;;;;1;;;;;;;;;;;;
Plectrophane à ventre noir;Calcarius ornatus;Regular Breeder_Espèce qui niche régulièrement;-91,7;Decreasing_Diminution;BBS;1;;;;;;;;;1;;;;1;;;;;;
Plectrophane de Smith;Calcarius pictus;Regular Breeder_Espèce qui niche régulièrement;3250;Increasing_Augmentation;CBC NA_RON AmN;1;;;;;;;1;;;;;;;;;;;;
Plectrophane de McCown;Rhynchophanes mccownii;Regular Breeder_Espèce qui niche régulièrement;-95,9;Decreasing_Diminution;BBS;1;;;;;;;;;1;;;;1;;;;;;
Plectrophane des neiges;Plectrophenax nivalis;Regular Breeder_Espèce qui niche régulièrement;-60,8;Decreasing_Diminution;CBC NA_RON AmN;1;;;;;;;1;;;;;;;;;;;;
Tohi tacheté;Pipilo maculatus;Regular Breeder_Espèce qui niche régulièrement;52,2;Increasing_Augmentation;BBS;1;;;;;;;1;;;;;;;;;;;;
Tohi à flancs roux;Pipilo erythrophthalmus;Regular Breeder_Espèce qui niche régulièrement;-46,6;Decreasing_Diminution;BBS;1;;;;;;;1;;;;;;;;;;;;
Bruant hudsonien;Spizelloides arborea;Regular Breeder_Espèce qui niche régulièrement;-67,2;Decreasing_Diminution;CBC NA_RON AmN;1;;;;;;;1;;;;;;;;;;;;
Bruant familier;Spizella passerina;Regular Breeder_Espèce qui niche régulièrement;-45,2;Decreasing_Diminution;BBS;1;;;;;;;1;;;;;;;;;;;;
Bruant des plaines;Spizella pallida;Regular Breeder_Espèce qui niche régulièrement;-40,9;Decreasing_Diminution;BBS;1;;;;;;;1;;;;;;;;;;;;
Bruant de Brewer;Spizella breweri;Regular Breeder_Espèce qui niche régulièrement;18,7;Stable_Stables;BBS;1;;;;;;;1;;;;;;;;;;;;
Bruant des champs;Spizella pusilla;Regular Breeder_Espèce qui niche régulièrement;-47,2;Decreasing_Diminution;BBS;1;;;;;;;1;;;;;;;;;;;;
Bruant vespéral;Pooecetes gramineus;Regular Breeder_Espèce qui niche régulièrement;-61,4;Decreasing_Diminution;BBS;1;;;;;;;;;1;;;;;;;;;;
Bruant à joues marron;Chondestes grammacus;Regular Breeder_Espèce qui niche régulièrement;69,9;Increasing_Augmentation;BBS;1;;;;;;;1;;;;;;;;;;;;
Bruant noir et blanc;Calamospiza melanocorys;Regular Breeder_Espèce qui niche régulièrement;-91,4;Decreasing_Diminution;BBS;1;;;;;;;;;1;;;;1;;;;;;
Bruant des prés;Passerculus sandwichensis;Regular Breeder_Espèce qui niche régulièrement;-49,3;Decreasing_Diminution;BBS;1;;;;;;;;;1;;;;;1;;;;;
Bruant sauterelle;Ammodramus savannarum;Regular Breeder_Espèce qui niche régulièrement;14,8;Stable_Stables;BBS;1;;;;;;;;;1;;;;;1;;;;;
Bruant de Baird;Ammodramus bairdii;Regular Breeder_Espèce qui niche régulièrement;-57,6;Decreasing_Diminution;BBS;1;;;;;;;;;1;;;;1;;;;;;
Bruant de Henslow;Ammodramus henslowii;Regular Breeder_Espèce qui niche régulièrement;;;No acceptable data available_On ne dispose pas de données acceptables;1;;;;;;;;;1;;;;;1;;;;;
Bruant de LeConte;Ammodramus leconteii;Regular Breeder_Espèce qui niche régulièrement;-32,6;Decreasing_Diminution;BBS;1;;;;;;;;;1;;;;;1;;;;;
Bruant de Nelson;Ammodramus nelsoni;Regular Breeder_Espèce qui niche régulièrement;65,7;Increasing_Augmentation;BBS;1;;;;1;;;;;;;;;;;;;;;
Bruant fauve;Passerella iliaca;Regular Breeder_Espèce qui niche régulièrement;317;Increasing_Augmentation;BBS;1;;;;;;1;;;;;;;;;;;;;
Bruant chanteur;Melospiza melodia;Regular Breeder_Espèce qui niche régulièrement;-43,6;Decreasing_Diminution;BBS;1;;;;;;;1;;;;;;;;;;;;
Bruant de Lincoln;Melospiza lincolnii;Regular Breeder_Espèce qui niche régulièrement;41;Increasing_Augmentation;BBS;1;;;;;;;1;;;;;;;;;;;;
Bruant des marais;Melospiza georgiana;Regular Breeder_Espèce qui niche régulièrement;22,6;Stable_Stables;BBS;1;;;;1;;;;;;;;;;;;;;;
Bruant à gorge blanche;Zonotrichia albicollis;Regular Breeder_Espèce qui niche régulièrement;-55,9;Decreasing_Diminution;CBC NA_RON AmN;1;;;;;;1;;;;;;;;;;;;;
Bruant à face noire;Zonotrichia querula;Regular Breeder_Espèce qui niche régulièrement;-72;Decreasing_Diminution;CBC NA_RON AmN;1;;;;;;;1;;;;;;;;;;;;
Bruant à couronne blanche;Zonotrichia leucophrys;Regular Breeder_Espèce qui niche régulièrement;-75,8;Decreasing_Diminution;BBS;1;;;;;;;1;;;;;;;;;;;;
Bruant à couronne dorée;Zonotrichia atricapilla;Regular Breeder_Espèce qui niche régulièrement;94;Increasing_Augmentation;CBC NA_RON AmN;1;;;;;;;1;;;;;;;;;;;;
Junco ardoisé;Junco hyemalis;Regular Breeder_Espèce qui niche régulièrement;-12,4;Stable_Stables;BBS;1;;;;;;1;;;;;;;;;;;;;
Ictérie polyglotte;Icteria virens;Regular Breeder_Espèce qui niche régulièrement;7,94;Stable_Stables;BBS;1;;;;;;;1;;;;;;;;;;;;
Carouge à tête jaune;Xanthocephalus xanthocephalus;Regular Breeder_Espèce qui niche régulièrement;108;Increasing_Augmentation;BBS;1;;;;1;;;;;;;;;;;;;;;
Goglu des prés;Dolichonyx oryzivorus;Regular Breeder_Espèce qui niche régulièrement;-70,2;Decreasing_Diminution;BBS;1;;;;;;;;;1;;;;;1;;;;;
Sturnelle des prés;Sturnella magna;Regular Breeder_Espèce qui niche régulièrement;-84,7;Decreasing_Diminution;BBS;1;;;;;;;;;1;;;;;1;;;;;
Sturnelle de l'Ouest;Sturnella neglecta;Regular Breeder_Espèce qui niche régulièrement;-53,4;Decreasing_Diminution;BBS;1;;;;;;;;;1;;;;;;;;;;
Oriole des vergers;Icterus spurius;Regular Breeder_Espèce qui niche régulièrement;662;Increasing_Augmentation;BBS;1;;;;;;;1;;;;;;;;;;;;
Oriole de Bullock;Icterus bullockii;Regular Breeder_Espèce qui niche régulièrement;183;Increasing_Augmentation;BBS;1;;;;;;;1;;;;;;;;;;;;
Oriole de Baltimore;Icterus galbula;Regular Breeder_Espèce qui niche régulièrement;-58,1;Decreasing_Diminution;BBS;1;;;;;;;1;;;;;;;;;;;;
Carouge à épaulettes;Agelaius phoeniceus;Regular Breeder_Espèce qui niche régulièrement;-3,54;Stable_Stables;BBS;1;;;;1;;;;;;;;;;;;;;;
Vacher à tête brune;Molothrus ater;Regular Breeder_Espèce qui niche régulièrement;-32,5;Decreasing_Diminution;BBS;1;;;;;;;1;;;;;;;;;;;;
Quiscale rouilleux;Euphagus carolinus;Regular Breeder_Espèce qui niche régulièrement;-66,3;Decreasing_Diminution;CBC NA_RON AmN;1;;;;;;1;;;;;;;;;;;;;
Quiscale de Brewer;Euphagus cyanocephalus;Regular Breeder_Espèce qui niche régulièrement;-63,7;Decreasing_Diminution;BBS;1;;;;;;;1;;;;;;;;;;;;
Quiscale bronzé;Quiscalus quiscula;Regular Breeder_Espèce qui niche régulièrement;-26,2;Decreasing_Diminution;BBS;1;;;;;;;1;;;;;;;;;;;;
Paruline couronnée;Seiurus aurocapilla;Regular Breeder_Espèce qui niche régulièrement;15,3;Stable_Stables;BBS;1;;;;;;1;;;;;;;;;;;;;
Paruline vermivore;Helmitheros vermivorum;Regular Non-breeder_Espèce non-reproductrice avec présence régulière;;;No acceptable data available_On ne dispose pas de données acceptables;1;;;;;;;1;;;;;;;;;;;;
Paruline hochequeue;Parkesia motacilla;Regular Breeder_Espèce qui niche régulièrement;;;No acceptable data available_On ne dispose pas de données acceptables;1;;;;;;1;;;;;;;;;;;;;
Paruline des ruisseaux;Parkesia noveboracensis;Regular Breeder_Espèce qui niche régulièrement;51,6;Increasing_Augmentation;BBS;1;;;;;;1;;;;;;;;;;;;;
Paruline à ailes dorées;Vermivora chrysoptera;Regular Breeder_Espèce qui niche régulièrement;139;Increasing_Augmentation;BBS;1;;;;;;1;;;;;;;;;;;;;
Paruline à ailes bleues;Vermivora cyanoptera;Regular Breeder_Espèce qui niche régulièrement;963;Increasing_Augmentation;BBS;;1;;;;;;;;;;;;;;;;;;
Paruline noir et blanc;Mniotilta varia;Regular Breeder_Espèce qui niche régulièrement;8,15;Stable_Stables;BBS;1;;;;;;1;;;;;;;;;;;;;
Paruline orangée;Protonotaria citrea;Regular Breeder_Espèce qui niche régulièrement;;;No acceptable data available_On ne dispose pas de données acceptables;1;;;;;;1;;;;;;;;;;;;;
Paruline obscure;Oreothlypis peregrina;Regular Breeder_Espèce qui niche régulièrement;-39,2;Decreasing_Diminution;BBS;1;;;;;;1;;;;;;;;;;;;;
Paruline verdâtre;Oreothlypis celata;Regular Breeder_Espèce qui niche régulièrement;39,9;Increasing_Augmentation;BBS;1;;;;;;1;;;;;;;;;;;;;
Paruline à joues grises;Oreothlypis ruficapilla;Regular Breeder_Espèce qui niche régulièrement;8,29;Stable_Stables;BBS;1;;;;;;1;;;;;;;;;;;;;
Paruline à gorge grise;Oporornis agilis;Regular Breeder_Espèce qui niche régulièrement;-47,2;Decreasing_Diminution;BBS;1;;;;;;1;;;;;;;;;;;1;;
Paruline des buissons;Geothlypis tolmiei;Regular Breeder_Espèce qui niche régulièrement;-14,9;Stable_Stables;BBS;1;;;;;;1;;;;;;;;;;;;;
Paruline triste;Geothlypis philadelphia;Regular Breeder_Espèce qui niche régulièrement;-47,5;Decreasing_Diminution;BBS;1;;;;;;1;;;;;;;;;;;;;
Paruline masquée;Geothlypis trichas;Regular Breeder_Espèce qui niche régulièrement;-14,5;Stable_Stables;BBS;1;;;;1;;;;;;;;;;;;;;;
Paruline à capuchon;Setophaga citrina;Regular Breeder_Espèce qui niche régulièrement;;;No acceptable data available_On ne dispose pas de données acceptables;1;;;;;;1;;;;;;;;;;;;;
Paruline flamboyante;Setophaga ruticilla;Regular Breeder_Espèce qui niche régulièrement;0,0585;Stable_Stables;BBS;1;;;;;;1;;;;;;;;;;;;;
Paruline de Kirtland;Setophaga kirtlandii;Regular Breeder_Espèce qui niche régulièrement;;;No acceptable data available_On ne dispose pas de données acceptables;1;;;;;;;1;;;;;;;;;;;;
Paruline tigrée;Setophaga tigrina;Regular Breeder_Espèce qui niche régulièrement;248;Increasing_Augmentation;BBS;1;;;;;;1;;;;;;;;;;;;;
Paruline azurée;Setophaga cerulea;Regular Breeder_Espèce qui niche régulièrement;-70,1;Decreasing_Diminution;BBS;1;;;;;;1;;;;;;;;;;;1;;
Paruline à collier;Setophaga americana;Regular Breeder_Espèce qui niche régulièrement;340;Increasing_Augmentation;BBS;1;;;;;;1;;;;;;;;;;;;;
Paruline à tête cendrée;Setophaga magnolia;Regular Breeder_Espèce qui niche régulièrement;61,5;Increasing_Augmentation;BBS;1;;;;;;1;;;;;;;;;;;;;
Paruline à poitrine baie;Setophaga castanea;Regular Breeder_Espèce qui niche régulièrement;125;Increasing_Augmentation;BBS;1;;;;;;1;;;;;;;;;;;1;;
Paruline à gorge orangée;Setophaga fusca;Regular Breeder_Espèce qui niche régulièrement;42,8;Increasing_Augmentation;BBS;1;;;;;;1;;;;;;;;;;;1;;
Paruline jaune;Setophaga petechia;Regular Breeder_Espèce qui niche régulièrement;-17,1;Stable_Stables;BBS;1;;;;;;;1;;;;;;;;;;;;
Paruline à flancs marron;Setophaga pensylvanica;Regular Breeder_Espèce qui niche régulièrement;-38;Decreasing_Diminution;BBS;1;;;;;;1;;;;;;;;;;;;;
Paruline rayée;Setophaga striata;Regular Breeder_Espèce qui niche régulièrement;-83,8;Decreasing_Diminution;BBS;1;;;;;;1;;;;;;;;;;;1;;
Paruline bleue;Setophaga caerulescens;Regular Breeder_Espèce qui niche régulièrement;159;Increasing_Augmentation;BBS;1;;;;;;1;;;;;;;;;;;;;
Paruline à couronne rousse;Setophaga palmarum;Regular Breeder_Espèce qui niche régulièrement;114;Increasing_Augmentation;BBS;1;;;;;;1;;;;;;;;;;;;;
Paruline des pins;Setophaga pinus;Regular Breeder_Espèce qui niche régulièrement;266;Increasing_Augmentation;BBS;1;;;;;;1;;;;;;;;;;;;;
Paruline à croupion jaune;Setophaga coronata;Regular Breeder_Espèce qui niche régulièrement;54,6;Increasing_Augmentation;BBS;1;;;;;;1;;;;;;;;;;;;;
Paruline des prés;Setophaga discolor;Regular Breeder_Espèce qui niche régulièrement;;;No acceptable data available_On ne dispose pas de données acceptables;1;;;;;;;1;;;;;;;;;;;;
Paruline grise;Setophaga nigrescens;Regular Breeder_Espèce qui niche régulièrement;-12;Stable_Stables;BBS;1;;;;;;1;;;;;;;;;;;;;
Paruline de Townsend;Setophaga townsendi;Regular Breeder_Espèce qui niche régulièrement;32,1;Stable_Stables;BBS;1;;;;;;1;;;;;;;;;;;;;
Paruline à gorge noire;Setophaga virens;Regular Breeder_Espèce qui niche régulièrement;-7,69;Stable_Stables;BBS;1;;;;;;1;;;;;;;;;;;;;
Paruline du Canada;Cardellina canadensis;Regular Breeder_Espèce qui niche régulièrement;-55,3;Decreasing_Diminution;BBS;1;;;;;;1;;;;;;;;;;;1;;
Paruline à calotte noire;Cardellina pusilla;Regular Breeder_Espèce qui niche régulièrement;-22;Stable_Stables;BBS;1;;;;;;1;;;;;;;;;;;;;
Piranga écarlate;Piranga olivacea;Regular Breeder_Espèce qui niche régulièrement;-26,8;Decreasing_Diminution;BBS;1;;;;;;1;;;;;;;;;;;1;;
Piranga à tête rouge;Piranga ludoviciana;Regular Breeder_Espèce qui niche régulièrement;38,4;Increasing_Augmentation;BBS;1;;;;;;1;;;;;;;;;;;;;
Cardinal rouge;Cardinalis cardinalis;Regular Breeder_Espèce qui niche régulièrement;381;Increasing_Augmentation;BBS;1;;;;;;1;;;;;;;;;;;;1;
Cardinal à poitrine rose;Pheucticus ludovicianus;Regular Breeder_Espèce qui niche régulièrement;-23,2;Stable_Stables;BBS;1;;;;;;1;;;;;;;;;;;;;
Cardinal à tête noire;Pheucticus melanocephalus;Regular Breeder_Espèce qui niche régulièrement;124;Increasing_Augmentation;BBS;1;;;;;;1;;;;;;;;;;;;;
Passerin azuré;Passerina amoena;Regular Breeder_Espèce qui niche régulièrement;324;Increasing_Augmentation;BBS;1;;;;;;;1;;;;;;;;;;;;
Passerin indigo;Passerina cyanea;Regular Breeder_Espèce qui niche régulièrement;38,1;Increasing_Augmentation;BBS;1;;;;;;;1;;;;;;;;;;;;
Dickcissel d'Amérique;Spiza americana;Regular Breeder_Espèce qui niche régulièrement;;;No acceptable data available_On ne dispose pas de données acceptables;1;;;;;;;;;1;;;;;1;;;;;
